Date,Open,High,Low,Close,Volume,Dividends,Stock Splits,Ticker
2019-03-29,130.99500274658203,132.89999771118164,117.02999496459961,117.43500137329102,71485200,0.0,0.0,LYFT
2019-04-01,112.35000228881836,112.5,101.66999816894531,103.5150032043457,41799300,0.0,0.0,LYFT
2019-04-02,100.35000228881836,105.29999542236328,99.14999771118164,103.45500183105469,22483300,0.0,0.0,LYFT
2019-04-03,105.08999633789062,108.0,103.68000411987305,105.0,15648300,0.0,0.0,LYFT
2019-04-04,105.72000503540039,109.33499908447266,105.33000183105469,108.0,9229300,0.0,0.0,LYFT
2019-04-05,110.91000366210938,114.14999771118164,109.95000457763672,111.67499542236328,11200100,0.0,0.0,LYFT
2019-04-08,112.4849967956543,112.4849967956543,105.34500503540039,105.34500503540039,6599500,0.0,0.0,LYFT
2019-04-09,104.25,104.54999542236328,100.66500091552734,101.16000366210938,8223300,0.0,0.0,LYFT
2019-04-10,100.875,101.02499771118164,89.625,90.17999839782715,26392100,0.0,0.0,LYFT
2019-04-11,91.64999771118163,93.44999885559082,90.46500205993652,91.5149974822998,12405700,0.0,0.0,LYFT
2019-04-12,92.07000160217285,92.2350025177002,86.48999977111816,89.84250068664551,13787500,0.0,0.0,LYFT
2019-04-15,89.58000183105469,89.69999885559082,83.34000205993652,84.16500091552734,14345900,0.0,0.0,LYFT
2019-04-16,85.29000091552734,86.90999794006346,84.27000045776367,84.375,9965000,0.0,0.0,LYFT
2019-04-17,84.75,89.41500091552734,83.42999839782715,89.2649974822998,10768300,0.0,0.0,LYFT
2019-04-18,89.47500228881836,89.48999977111816,86.39999771118163,87.54000091552734,6869900,0.0,0.0,LYFT
2019-04-22,86.85000228881836,91.84499931335449,86.47650146484375,91.40999794006346,5265600,0.0,0.0,LYFT
2019-04-23,93.03000068664551,93.14999771118163,88.99500274658203,90.375,11975000,0.0,0.0,LYFT
2019-04-24,90.16500091552734,90.7334976196289,86.65500068664551,86.72999954223633,5158000,0.0,0.0,LYFT
2019-04-25,87.30000114440918,87.68550109863283,83.79150009155275,84.51000022888184,5097100,0.0,0.0,LYFT
2019-04-26,84.44999885559082,86.29499816894533,81.47999954223633,85.8600025177002,5981000,0.0,0.0,LYFT
2019-04-29,86.39999771118163,91.06499862670898,84.0,90.88500022888184,7231800,0.0,0.0,LYFT
2019-04-30,89.89500045776367,92.10000228881836,87.33000183105469,89.69999885559082,6072700,0.0,0.0,LYFT
2019-05-01,91.05000114440918,91.06499862670898,87.79800224304199,88.125,3443000,0.0,0.0,LYFT
2019-05-02,87.65999794006346,93.0149974822998,85.99500274658203,92.25,6634300,0.0,0.0,LYFT
2019-05-03,91.81499862670898,94.47750091552734,90.15150260925293,93.7649974822998,9393600,0.0,0.0,LYFT
2019-05-06,90.82499885559082,92.25,89.85000228881836,90.85499954223633,5184600,0.0,0.0,LYFT
2019-05-07,90.51000022888184,92.39999771118163,87.17999839782715,89.01000022888184,11591700,0.0,0.0,LYFT
2019-05-08,86.53499794006346,90.67500114440918,79.16999816894533,79.36499977111816,22640400,0.0,0.0,LYFT
2019-05-09,81.10499954223633,84.67500114440918,79.64999771118163,82.77000045776367,9603500,0.0,0.0,LYFT
2019-05-10,84.58499908447266,84.7350025177002,75.03000068664551,76.63500022888184,23111200,0.0,0.0,LYFT
2019-05-13,75.0,75.13500022888184,70.75499725341797,72.22500228881836,10007400,0.0,0.0,LYFT
2019-05-14,73.22999954223633,77.08499908447266,72.0,75.78000068664551,7007400,0.0,0.0,LYFT
2019-05-15,75.30000114440918,82.27499771118163,74.79000091552734,81.06000137329102,7909300,0.0,0.0,LYFT
2019-05-16,81.14999771118163,85.08000183105469,80.32499885559082,83.39999771118163,7101700,0.0,0.0,LYFT
2019-05-17,81.75,82.66500091552734,80.18999862670898,80.68500137329102,4326500,0.0,0.0,LYFT
2019-05-20,78.20999908447266,82.03499794006346,77.76750183105469,81.94500160217285,2710000,0.0,0.0,LYFT
2019-05-21,82.15500068664551,84.04499816894533,80.29499816894533,83.2649974822998,3490700,0.0,0.0,LYFT
2019-05-22,82.02000045776367,86.93999862670898,81.92999839782715,86.82000160217285,3913700,0.0,0.0,LYFT
2019-05-23,85.22999954223633,87.71999931335449,84.47999954223633,87.16500091552734,3649300,0.0,0.0,LYFT
2019-05-24,87.75,88.18500137329102,84.91500091552734,85.64999771118163,2412500,0.0,0.0,LYFT
2019-05-28,85.27499771118163,86.9850025177002,83.10000228881836,85.33499908447266,2836100,0.0,0.0,LYFT
2019-05-29,84.44999885559082,85.09499931335449,81.08250045776367,84.3899974822998,3166500,0.0,0.0,LYFT
2019-05-30,84.06000137329102,84.81749725341797,81.10499954223633,82.24500274658203,2558400,0.0,0.0,LYFT
2019-05-31,84.61499977111816,87.67500114440918,81.85499954223633,86.42999839782715,5123700,0.0,0.0,LYFT
2019-06-03,87.78000068664551,92.65500068664551,87.47999954223633,89.31000137329102,5549300,0.0,0.0,LYFT
2019-06-04,91.64999771118163,91.75499725341797,86.34000205993652,88.75499725341797,4093200,0.0,0.0,LYFT
2019-06-05,89.10000228881836,94.8600025177002,88.80000114440918,94.5149974822998,4834400,0.0,0.0,LYFT
2019-06-06,93.375,94.77000045776367,90.60000228881836,92.44500160217285,3844900,0.0,0.0,LYFT
2019-06-07,93.0,93.34499931335449,88.81950187683105,88.8899974822998,3881900,0.0,0.0,LYFT
2019-06-10,89.17500114440918,90.87000274658203,85.05000114440918,85.1399974822998,2677300,0.0,0.0,LYFT
2019-06-11,88.62000274658203,88.875,84.46500205993652,87.10499954223633,2719400,0.0,0.0,LYFT
2019-06-12,85.77000045776367,88.30349922180176,85.57499885559082,87.61499977111816,1534500,0.0,0.0,LYFT
2019-06-13,89.21999931335449,92.02499771118163,88.125,91.81499862670898,2681500,0.0,0.0,LYFT
2019-06-14,91.5,92.08499908447266,89.95500183105469,91.43999862670898,1955800,0.0,0.0,LYFT
2019-06-17,90.71999931335449,96.20999908447266,90.47999954223633,95.39999771118163,4386200,0.0,0.0,LYFT
2019-06-18,95.55000114440918,97.1400032043457,92.41500091552734,96.60000228881836,4670200,0.0,0.0,LYFT
2019-06-19,96.75,97.60499954223633,94.72500228881836,95.32499885559082,3014600,0.0,0.0,LYFT
2019-06-20,96.0,96.31050109863281,93.16500091552734,94.26000022888184,2323500,0.0,0.0,LYFT
2019-06-21,94.19999885559082,96.45000457763672,93.78000068664551,96.3900032043457,3921700,0.0,0.0,LYFT
2019-06-24,96.0,96.40499496459961,94.29000091552734,95.6399974822998,2282000,0.0,0.0,LYFT
2019-06-25,95.6399974822998,96.40499496459961,93.98999977111816,96.06000137329102,2060300,0.0,0.0,LYFT
2019-06-26,96.47999954223633,96.95999908447266,94.15500068664551,94.45500183105469,1913500,0.0,0.0,LYFT
2019-06-27,95.28000068664551,98.04000091552734,94.70999908447266,97.90499496459961,3734500,0.0,0.0,LYFT
2019-06-28,97.79999542236328,99.95999908447266,96.66000366210938,98.56499862670898,6317400,0.0,0.0,LYFT
2019-07-01,99.0,99.14999771118164,92.25,93.0,4446100,0.0,0.0,LYFT
2019-07-02,94.33499908447266,94.35000228881836,90.375,90.52499771118163,3037500,0.0,0.0,LYFT
2019-07-03,90.95999908447266,91.80000114440918,90.57000160217285,90.89999771118163,1246900,0.0,0.0,LYFT
2019-07-05,91.06499862670898,91.32000160217285,88.125,89.08499908447266,3331800,0.0,0.0,LYFT
2019-07-08,88.96500205993652,90.13500022888184,87.75,89.68500137329102,2792300,0.0,0.0,LYFT
2019-07-09,89.68500137329102,93.18149757385254,89.66999816894533,92.74500274658203,3091200,0.0,0.0,LYFT
2019-07-10,93.41999816894533,94.1100025177002,92.14500045776367,93.44999885559082,2337800,0.0,0.0,LYFT
2019-07-11,93.46500205993652,93.98999977111816,91.66500091552734,92.77499771118163,1923200,0.0,0.0,LYFT
2019-07-12,92.77499771118163,96.89999771118164,90.92999839782715,96.375,5665200,0.0,0.0,LYFT
2019-07-15,96.58499908447266,97.4849967956543,95.72999954223633,97.18500137329102,1921800,0.0,0.0,LYFT
2019-07-16,96.49500274658203,98.18999862670898,96.22949981689453,97.20000457763672,1806900,0.0,0.0,LYFT
2019-07-17,96.75,97.8900032043457,94.99500274658203,97.75499725341797,1597100,0.0,0.0,LYFT
2019-07-18,97.5,99.19499588012695,96.85499954223633,99.0,1894200,0.0,0.0,LYFT
2019-07-19,99.33000183105469,102.49500274658203,99.22500228881836,101.17499542236328,3734900,0.0,0.0,LYFT
2019-07-22,100.83000183105469,101.0775032043457,98.59500503540039,99.0,1915300,0.0,0.0,LYFT
2019-07-23,99.375,99.7349967956543,97.24500274658203,97.39500045776367,1492400,0.0,0.0,LYFT
2019-07-24,97.39500045776367,98.66999816894531,96.7349967956543,97.84500503540039,1427500,0.0,0.0,LYFT
2019-07-25,98.29499816894531,98.44499588012695,96.94499588012695,97.5150032043457,1047000,0.0,0.0,LYFT
2019-07-26,97.84500503540039,100.04999542236328,97.84500503540039,98.27999496459961,1911000,0.0,0.0,LYFT
2019-07-29,98.6099967956543,98.9849967956543,94.40999794006346,96.04499816894531,2179200,0.0,0.0,LYFT
2019-07-30,95.69999885559082,95.90999794006346,92.52000045776367,93.68999862670898,2619200,0.0,0.0,LYFT
2019-07-31,93.7649974822998,94.24500274658203,90.5475025177002,91.30499839782715,2230400,0.0,0.0,LYFT
2019-08-01,90.91500091552734,91.96500205993652,89.38500022888184,89.65500068664551,2278400,0.0,0.0,LYFT
2019-08-02,89.25,89.39999771118163,85.70999908447266,87.91500091552734,2253300,0.0,0.0,LYFT
2019-08-05,86.15999794006346,89.54100036621095,84.44999885559082,89.2649974822998,2487200,0.0,0.0,LYFT
2019-08-06,89.68500137329102,91.19999885559082,85.73999977111816,88.05000114440918,2849700,0.0,0.0,LYFT
2019-08-07,87.0,92.15999794006346,86.48999977111816,90.43500137329102,8786600,0.0,0.0,LYFT
2019-08-08,98.25,98.87999725341797,92.25,93.14999771118163,13257200,0.0,0.0,LYFT
2019-08-09,92.53499794006346,92.92500114440918,87.17999839782715,88.67999839782715,8687400,0.0,0.0,LYFT
2019-08-12,87.7649974822998,87.89999771118163,83.56499862670898,84.27000045776367,5457100,0.0,0.0,LYFT
2019-08-13,84.0,87.7350025177002,81.58499908447266,87.12000274658203,4367100,0.0,0.0,LYFT
2019-08-14,84.78000068664551,85.84499931335449,80.48999977111816,81.7350025177002,4097000,0.0,0.0,LYFT
2019-08-15,82.4850025177002,82.4850025177002,78.10499954223633,79.19999885559082,5202900,0.0,0.0,LYFT
2019-08-16,79.53000068664551,80.6399974822998,78.22500228881836,78.70500183105469,6013500,0.0,0.0,LYFT
2019-08-19,77.39999771118163,80.32499885559082,75.7649974822998,77.52000045776367,26211300,0.0,0.0,LYFT
2019-08-20,77.20500183105469,81.62999725341797,76.66500091552734,80.47500228881836,11093600,0.0,0.0,LYFT
2019-08-21,80.71500205993652,82.03499794006346,79.29000091552734,81.22500228881836,6535700,0.0,0.0,LYFT
2019-08-22,80.31000137329102,81.49500274658203,76.91999816894533,77.04000091552734,6492100,0.0,0.0,LYFT
2019-08-23,77.04000091552734,77.34000205993652,72.33000183105469,73.66500091552734,9548600,0.0,0.0,LYFT
2019-08-26,75.30000114440918,77.25,74.58000183105469,76.81499862670898,7189600,0.0,0.0,LYFT
2019-08-27,76.8600025177002,76.94999885559082,73.08000183105469,74.41500091552734,6308100,0.0,0.0,LYFT
2019-08-28,73.96500205993652,74.21999931335449,72.33000183105469,73.26000022888184,4792300,0.0,0.0,LYFT
2019-08-29,74.02499771118163,75.30000114440918,72.95999908447266,74.59499931335449,5729600,0.0,0.0,LYFT
2019-08-30,74.79000091552734,74.90999794006346,71.80499839782715,73.45500183105469,5593700,0.0,0.0,LYFT
2019-09-03,72.34499931335449,73.42500114440918,68.10000228881836,68.12999725341797,9135200,0.0,0.0,LYFT
2019-09-04,68.55000114440918,70.19999885559082,67.125,69.52499771118163,8567100,0.0,0.0,LYFT
2019-09-05,71.55000114440918,71.71500205993652,69.09000205993652,69.60000228881836,8452200,0.0,0.0,LYFT
2019-09-06,69.97500228881836,69.97500228881836,66.17999839782715,66.75,9667700,0.0,0.0,LYFT
2019-09-09,66.7649974822998,67.73999977111816,66.0149974822998,66.57000160217285,11125300,0.0,0.0,LYFT
2019-09-10,66.07499885559082,69.06000137329102,65.11499977111816,68.17500114440918,7963900,0.0,0.0,LYFT
2019-09-11,67.875,73.72500228881836,67.64999771118163,69.79499816894533,13488800,0.0,0.0,LYFT
2019-09-12,70.08000183105469,71.18999862670898,69.0,70.4850025177002,5028600,0.0,0.0,LYFT
2019-09-13,70.33499908447266,70.4850025177002,69.0149974822998,69.14999771118163,4094100,0.0,0.0,LYFT
2019-09-16,69.94500160217285,73.5,69.82499885559082,71.68500137329102,8634800,0.0,0.0,LYFT
2019-09-17,72.46500205993652,72.62999725341797,70.22999954223633,72.09000205993652,4336500,0.0,0.0,LYFT
2019-09-18,71.625,71.80499839782715,68.74500274658203,69.92999839782715,8006500,0.0,0.0,LYFT
2019-09-19,70.24500274658203,72.57449913024902,69.94500160217285,70.91999816894533,7964200,0.0,0.0,LYFT
2019-09-20,71.17500114440918,71.25,68.86499977111816,69.64500045776367,15210500,0.0,0.0,LYFT
2019-09-23,69.46500205993652,69.94500160217285,67.5,67.96500205993652,6581900,0.0,0.0,LYFT
2019-09-24,67.875,67.97999954223633,62.55000114440918,62.82000160217285,9873800,0.0,0.0,LYFT
2019-09-25,62.95500183105469,63.04499816894533,60.46500205993652,62.66999816894533,9831400,0.0,0.0,LYFT
2019-09-26,62.50499725341797,63.205501556396484,61.00499725341797,62.85000228881836,5504000,0.0,0.0,LYFT
2019-09-27,64.33499908447266,64.35000228881836,61.290000915527344,62.024997711181626,6425000,0.0,0.0,LYFT
2019-09-30,62.114999771118164,62.385000228881836,60.84000205993652,61.260000228881836,3910300,0.0,0.0,LYFT
2019-10-01,61.22999954223633,61.439998626708984,58.02000045776367,59.35499954223633,8109700,0.0,0.0,LYFT
2019-10-02,57.94500160217285,58.95750045776367,56.87999725341797,57.584999084472656,7859300,0.0,0.0,LYFT
2019-10-03,57.65999794006346,59.489999771118164,57.014997482299805,59.28000068664551,5126400,0.0,0.0,LYFT
2019-10-04,59.07000160217285,59.610002517700195,57.47999954223633,58.739999771118164,3677600,0.0,0.0,LYFT
2019-10-07,59.32499885559082,60.19500160217285,58.670997619628906,58.860002517700195,3901800,0.0,0.0,LYFT
2019-10-08,58.19999885559082,58.860002517700195,57.10499954223633,57.989999771118164,3318200,0.0,0.0,LYFT
2019-10-09,58.05000114440918,58.125,57.014997482299805,57.30000114440918,4088800,0.0,0.0,LYFT
2019-10-10,57.584999084472656,58.05000114440918,55.60200119018555,56.55000114440918,7305600,0.0,0.0,LYFT
2019-10-11,56.85000228881836,59.87999725341797,56.85000228881836,59.227500915527344,6901000,0.0,0.0,LYFT
2019-10-14,59.89500045776367,60.46500205993652,58.875,59.69999885559082,4574400,0.0,0.0,LYFT
2019-10-15,59.69999885559082,61.77000045776367,59.47500228881836,61.62000274658203,5675800,0.0,0.0,LYFT
2019-10-16,61.35000228881836,61.53000068664551,59.774997711181626,60.764997482299805,4502600,0.0,0.0,LYFT
2019-10-17,60.79499816894533,63.10499954223633,60.314998626708984,62.50499725341797,6167400,0.0,0.0,LYFT
2019-10-18,62.415000915527344,62.489999771118164,60.524997711181626,61.185001373291016,5511300,0.0,0.0,LYFT
2019-10-21,61.875,62.50499725341797,60.85499954223633,61.32000160217285,3016400,0.0,0.0,LYFT
2019-10-22,61.72500228881836,68.04000091552734,60.09000205993652,65.34000205993652,19543800,0.0,0.0,LYFT
2019-10-23,65.50499725341797,66.28499794006346,64.32000160217285,64.62000274658203,4773400,0.0,0.0,LYFT
2019-10-24,64.5149974822998,65.625,63.17999839782715,65.58000183105469,4101700,0.0,0.0,LYFT
2019-10-25,65.56499862670898,67.02000045776367,65.07000160217285,66.81000137329102,5057100,0.0,0.0,LYFT
2019-10-28,67.02000045776367,67.16999816894533,65.32499885559082,66.62999725341797,4596300,0.0,0.0,LYFT
2019-10-29,66.375,66.375,63.87000274658203,65.52000045776367,3763800,0.0,0.0,LYFT
2019-10-30,65.17500114440918,66.31499862670898,64.5,66.16500091552734,7938500,0.0,0.0,LYFT
2019-10-31,68.44500160217285,68.72999954223633,61.739999771118164,62.15999794006346,16193000,0.0,0.0,LYFT
2019-11-01,62.55000114440918,64.97999954223633,62.37000274658203,64.46999931335449,7492200,0.0,0.0,LYFT
2019-11-04,64.5,65.69999885559082,63.55499839782715,64.24500274658203,6177900,0.0,0.0,LYFT
2019-11-05,63.60000228881836,64.63500022888184,61.875,62.05499839782715,6618200,0.0,0.0,LYFT
2019-11-06,60.899997711181626,64.91250228881836,60.71999931335449,64.37999725341797,9550000,0.0,0.0,LYFT
2019-11-07,64.96500205993652,65.45999908447266,63.40500068664551,64.93500137329102,6012800,0.0,0.0,LYFT
2019-11-08,64.84499931335449,65.07000160217285,63.79499816894533,64.84499931335449,4860400,0.0,0.0,LYFT
2019-11-11,64.27499771118163,64.5149974822998,62.69999885559082,64.45500183105469,3839900,0.0,0.0,LYFT
2019-11-12,64.1100025177002,65.17500114440918,63.30000114440918,63.49500274658203,4293400,0.0,0.0,LYFT
2019-11-13,63.30000114440918,65.14500045776367,63.014997482299805,64.94999885559082,3993200,0.0,0.0,LYFT
2019-11-14,64.24500274658203,64.36499977111816,60.97500228881836,62.87999725341797,8868300,0.0,0.0,LYFT
2019-11-15,63.27000045776367,65.89500045776367,62.59499931335449,64.56000137329102,7362600,0.0,0.0,LYFT
2019-11-18,64.93500137329102,68.04000091552734,64.19999885559082,67.29000091552734,9062500,0.0,0.0,LYFT
2019-11-19,67.5,67.5,65.71500205993652,66.22500228881836,3740700,0.0,0.0,LYFT
2019-11-20,66.0,66.81000137329102,64.15500068664551,65.92500114440918,7547700,0.0,0.0,LYFT
2019-11-21,66.3600025177002,70.24500274658203,66.14999771118163,70.1399974822998,10806900,0.0,0.0,LYFT
2019-11-22,70.05000114440918,70.80000114440918,69.34499931335449,69.68999862670898,6344600,0.0,0.0,LYFT
2019-11-25,69.75,73.99500274658203,69.70500183105469,73.40999794006346,9645800,0.0,0.0,LYFT
2019-11-26,72.7350025177002,74.67749977111816,72.25499725341797,73.5,6769300,0.0,0.0,LYFT
2019-11-27,73.93500137329102,74.625,73.19999885559082,74.05499839782715,3044300,0.0,0.0,LYFT
2019-11-29,73.5,74.53499794006346,72.97500228881836,73.46999931335449,1702300,0.0,0.0,LYFT
2019-12-02,73.62000274658203,73.66500091552734,70.75499725341797,71.08499908447266,4324500,0.0,0.0,LYFT
2019-12-03,69.82499885559082,71.34000205993652,69.12000274658203,71.2649974822998,2870100,0.0,0.0,LYFT
2019-12-04,71.71500205993652,72.12300109863283,70.40999794006346,70.97249794006346,3144800,0.0,0.0,LYFT
2019-12-05,70.63500022888184,70.77000045776367,66.07499885559082,67.59749794006346,13027800,0.0,0.0,LYFT
2019-12-06,67.5,68.17500114440918,66.25499725341797,67.80000114440918,5043100,0.0,0.0,LYFT
2019-12-09,67.80000114440918,69.13500022888184,67.32000160217285,68.12999725341797,2771000,0.0,0.0,LYFT
2019-12-10,68.53499794006346,68.53499794006346,67.60499954223633,67.8899974822998,2888300,0.0,0.0,LYFT
2019-12-11,68.05499839782715,71.32649803161621,67.91999816894533,71.04000091552734,3803000,0.0,0.0,LYFT
2019-12-12,70.84499931335449,71.15999794006346,69.70500183105469,69.89999771118163,4694700,0.0,0.0,LYFT
2019-12-13,70.1100025177002,71.50499725341797,69.89999771118163,70.125,3011700,0.0,0.0,LYFT
2019-12-16,70.59000205993652,73.96199798583984,70.46999931335449,71.89500045776367,9094200,0.0,0.0,LYFT
2019-12-17,72.3600025177002,72.375,70.83000183105469,71.25,4077800,0.0,0.0,LYFT
2019-12-18,70.90500068664551,71.45999908447266,70.27499771118163,70.5149974822998,3577200,0.0,0.0,LYFT
2019-12-19,70.18500137329102,70.5,69.03000068664551,69.41999816894533,4477700,0.0,0.0,LYFT
2019-12-20,69.375,72.81000137329102,69.33000183105469,71.87999725341797,16993300,0.0,0.0,LYFT
2019-12-23,71.86499977111816,72.0,67.8899974822998,68.31000137329102,10834700,0.0,0.0,LYFT
2019-12-24,68.42999839782715,69.30000114440918,68.41500091552734,68.55000114440918,2512000,0.0,0.0,LYFT
2019-12-26,68.55000114440918,68.71500205993652,67.5149974822998,68.59499931335449,5179100,0.0,0.0,LYFT
2019-12-27,68.85000228881836,69.30000114440918,67.75499725341797,68.76000022888184,4454600,0.0,0.0,LYFT
2019-12-30,68.39999771118163,68.51099967956543,64.57499885559082,65.25,8655100,0.0,0.0,LYFT
2019-12-31,64.5,65.40749931335449,64.16400146484375,64.53000068664551,5499600,0.0,0.0,LYFT
2020-01-02,64.83000183105469,66.10499954223633,64.74750137329102,65.37000274658203,3912100,0.0,0.0,LYFT
2020-01-03,64.27499771118163,65.04000091552734,63.34950256347656,64.78499794006346,4407200,0.0,0.0,LYFT
2020-01-06,64.18500137329102,65.71500205993652,63.57000160217285,64.64999771118163,4964600,0.0,0.0,LYFT
2020-01-07,64.77000045776367,67.05000114440918,64.54499816894533,66.375,4773500,0.0,0.0,LYFT
2020-01-08,66.20999908447266,68.6100025177002,65.80499839782715,67.62000274658203,5636300,0.0,0.0,LYFT
2020-01-09,67.73999977111816,68.93999862670898,66.78000068664551,68.38500022888184,4640800,0.0,0.0,LYFT
2020-01-10,68.38500022888184,69.3600025177002,68.04000091552734,69.09000205993652,4512000,0.0,0.0,LYFT
2020-01-13,69.46500205993652,69.67500114440918,67.69500160217285,69.52499771118163,3796300,0.0,0.0,LYFT
2020-01-14,69.54000091552734,72.0,69.3899974822998,71.52000045776367,4940500,0.0,0.0,LYFT
2020-01-15,71.45999908447266,72.09000205993652,70.26000022888184,70.62000274658203,3179900,0.0,0.0,LYFT
2020-01-16,71.32499885559082,71.32499885559082,69.16500091552734,70.24500274658203,3354500,0.0,0.0,LYFT
2020-01-17,70.5,70.5,69.03000068664551,69.78000068664551,3498700,0.0,0.0,LYFT
2020-01-21,69.75,73.15500068664551,69.54000091552734,71.96999931335449,6253100,0.0,0.0,LYFT
2020-01-22,72.28499794006346,73.42500114440918,70.97999954223633,71.20500183105469,4134700,0.0,0.0,LYFT
2020-01-23,71.21999931335449,73.37999725341797,70.64999771118163,72.71999931335449,4143100,0.0,0.0,LYFT
2020-01-24,73.00499725341797,74.31000137329102,71.42999839782715,72.64500045776367,5475100,0.0,0.0,LYFT
2020-01-27,70.24500274658203,71.47500228881836,69.19500160217285,71.04000091552734,3803000,0.0,0.0,LYFT
2020-01-28,71.65500068664551,72.52499771118163,71.18999862670898,72.31499862670898,2876600,0.0,0.0,LYFT
2020-01-29,71.95500183105469,72.95999908447266,69.54000091552734,70.26000022888184,7489400,0.0,0.0,LYFT
2020-01-30,69.97500228881836,71.83499908447266,69.75,71.68500137329102,3100600,0.0,0.0,LYFT
2020-01-31,71.11499977111816,71.50499725341797,69.71999931335449,71.21999931335449,4001500,0.0,0.0,LYFT
2020-02-03,71.44500160217285,72.88500022888184,70.97999954223633,71.93999862670898,2659500,0.0,0.0,LYFT
2020-02-04,72.75,76.43999862670898,72.16500091552734,75.0,8123600,0.0,0.0,LYFT
2020-02-05,75.60000228881836,75.70500183105469,71.55000114440918,72.09000205993652,6061900,0.0,0.0,LYFT
2020-02-06,72.67500114440918,73.00499725341797,70.24500274658203,71.12999725341797,7127500,0.0,0.0,LYFT
2020-02-07,73.64999771118163,75.06000137329102,71.37000274658203,74.87999725341797,12516200,0.0,0.0,LYFT
2020-02-10,76.22999954223633,80.87999725341797,75.49500274658203,80.58000183105469,15370400,0.0,0.0,LYFT
2020-02-11,81.7350025177002,81.75,79.37999725341797,80.90999794006346,20414400,0.0,0.0,LYFT
2020-02-12,76.875,76.94999885559082,72.62999725341797,72.68999862670898,36622800,0.0,0.0,LYFT
2020-02-13,72.67500114440918,74.08499908447266,70.5,70.54499816894533,15660200,0.0,0.0,LYFT
2020-02-14,70.67999839782715,70.72500228881836,67.02000045776367,67.03499794006346,21569300,0.0,0.0,LYFT
2020-02-18,66.88500022888184,68.14500045776367,66.10499954223633,67.64999771118163,8393100,0.0,0.0,LYFT
2020-02-19,67.8899974822998,69.49500274658203,66.65999794006346,69.3600025177002,7439100,0.0,0.0,LYFT
2020-02-20,69.0,70.1399974822998,66.86849784851074,68.20500183105469,8489100,0.0,0.0,LYFT
2020-02-21,67.84499931335449,68.34000205993652,66.79499816894533,67.05000114440918,4305700,0.0,0.0,LYFT
2020-02-24,63.135000228881836,63.915000915527344,61.5,63.78000068664551,11644600,0.0,0.0,LYFT
2020-02-25,65.01000022888184,66.27000045776367,62.399997711181626,62.72999954223633,11628300,0.0,0.0,LYFT
2020-02-26,62.87999725341797,63.239999771118164,58.96500205993652,59.790000915527344,12062400,0.0,0.0,LYFT
2020-02-27,56.42999839782715,59.25,52.5,56.66999816894533,14781800,0.0,0.0,LYFT
2020-02-28,54.014997482299805,57.17999839782715,53.790000915527344,57.17999839782715,9356600,0.0,0.0,LYFT
2020-03-02,57.735002517700195,57.735002517700195,54.149997711181626,55.364999771118164,11296300,0.0,0.0,LYFT
2020-03-03,55.96500205993652,57.34499931335449,52.814998626708984,55.45500183105469,10440900,0.0,0.0,LYFT
2020-03-04,57.17999839782715,61.94999885559082,56.15999794006346,60.40500068664551,14959900,0.0,0.0,LYFT
2020-03-05,58.102500915527344,59.20500183105469,54.85499954223633,55.62000274658203,11190300,0.0,0.0,LYFT
2020-03-06,53.985002517700195,56.96999931335449,53.189998626708984,54.03000068664551,9436000,0.0,0.0,LYFT
2020-03-09,48.735002517700195,51.97500228881836,47.45999908447266,49.21500205993652,8987200,0.0,0.0,LYFT
2020-03-10,51.22500228881836,51.96299743652344,45.90900135040283,49.334999084472656,9774800,0.0,0.0,LYFT
2020-03-11,47.234999656677246,47.69999885559082,40.02450084686279,43.51500034332276,19837300,0.0,0.0,LYFT
2020-03-12,36.5550012588501,39.59999942779542,35.8050012588501,35.8199987411499,13630900,0.0,0.0,LYFT
2020-03-13,38.25,38.385000228881836,33.953999519348145,36.25500011444092,12495000,0.0,0.0,LYFT
2020-03-16,30.30000114440918,32.09999942779542,28.214999198913574,28.680001258850098,14451100,0.0,0.0,LYFT
2020-03-17,29.069998741149902,30.854999542236328,24.75,27.989999771118164,18864800,0.0,0.0,LYFT
2020-03-18,25.739999771118164,26.805001258850098,21.843000411987305,24.07499885559082,16577200,0.0,0.0,LYFT
2020-03-19,24.44999885559082,32.96999931335449,22.97999954223633,31.05000114440918,20139200,0.0,0.0,LYFT
2020-03-20,33.5699987411499,37.29000091552734,31.125,31.905000686645508,17599300,0.0,0.0,LYFT
2020-03-23,31.100998878479004,34.19999885559082,28.709999084472663,33.91500091552734,10885100,0.0,0.0,LYFT
2020-03-24,36.869999885559075,41.13000011444092,35.234999656677246,40.589999198913574,12634400,0.0,0.0,LYFT
2020-03-25,41.08499908447266,46.38000011444092,39.79500102996826,41.92500114440918,14107700,0.0,0.0,LYFT
2020-03-26,42.839999198913574,46.00500011444092,41.92500114440918,44.910000801086426,9461800,0.0,0.0,LYFT
2020-03-27,42.359999656677246,43.72499942779542,40.39500045776367,41.40000057220459,10169000,0.0,0.0,LYFT
2020-03-30,40.214999198913574,42.58499908447266,37.94999885559082,40.38000011444092,8729500,0.0,0.0,LYFT
2020-03-31,40.05000114440918,42.0,39.30000114440918,40.27500057220459,5773200,0.0,0.0,LYFT
2020-04-01,38.40000057220459,39.16500091552734,35.0699987411499,35.25,8898400,0.0,0.0,LYFT
2020-04-02,34.54500102996826,36.07499885559082,32.4300012588501,33.67500114440918,11528200,0.0,0.0,LYFT
2020-04-03,33.660000801086426,34.54500102996826,31.260000228881836,33.0,7375600,0.0,0.0,LYFT
2020-04-06,35.47499942779542,38.939998626708984,35.010000228881836,38.59499931335449,9557300,0.0,0.0,LYFT
2020-04-07,42.1800012588501,44.64000034332276,39.54000091552734,41.25,13303100,0.0,0.0,LYFT
2020-04-08,42.52500057220459,44.67000102996826,40.94999885559082,44.45999908447266,8914400,0.0,0.0,LYFT
2020-04-09,45.42000102996826,48.44999885559082,44.714999198913574,45.494999885559075,11335800,0.0,0.0,LYFT
2020-04-13,45.42000102996826,46.785000801086426,43.54500102996826,45.989999771118164,6697400,0.0,0.0,LYFT
2020-04-14,46.84499931335449,48.27000045776367,44.609999656677246,45.75,5713400,0.0,0.0,LYFT
2020-04-15,43.90500068664551,44.17500114440918,42.40500068664551,42.58499908447266,6825200,0.0,0.0,LYFT
2020-04-16,42.67500114440918,43.05000114440918,40.52249908447266,40.70999908447266,6881400,0.0,0.0,LYFT
2020-04-17,43.244999885559075,44.95499897003173,42.34499931335449,43.60499954223633,8437400,0.0,0.0,LYFT
2020-04-20,42.30000114440918,45.44999885559082,42.01500034332276,45.15000057220459,6190400,0.0,0.0,LYFT
2020-04-21,44.939998626708984,45.64500045776367,43.19999885559082,43.875,5670000,0.0,0.0,LYFT
2020-04-22,44.69999885559082,46.27500057220459,43.6800012588501,46.05000114440918,4311000,0.0,0.0,LYFT
2020-04-23,46.410000801086426,47.67000102996826,45.060001373291016,45.135000228881836,5174200,0.0,0.0,LYFT
2020-04-24,45.76500034332276,47.984999656677246,44.744999885559075,47.939998626708984,4926500,0.0,0.0,LYFT
2020-04-27,48.40500068664551,52.260000228881836,48.03000068664551,51.47999954223633,9839300,0.0,0.0,LYFT
2020-04-28,52.5,52.665000915527344,48.62999725341797,49.110002517700195,7842500,0.0,0.0,LYFT
2020-04-29,50.59499931335449,52.064998626708984,49.59000205993652,51.09000205993652,6245200,0.0,0.0,LYFT
2020-04-30,50.17500114440918,51.55499839782715,48.62999725341797,49.24500274658203,4624500,0.0,0.0,LYFT
2020-05-01,46.82999897003173,47.83499908447266,44.02500057220459,44.40749931335449,7339100,0.0,0.0,LYFT
2020-05-04,43.17000102996826,43.5,39.40500068664551,40.54500102996826,13393000,0.0,0.0,LYFT
2020-05-05,41.69999885559082,42.660000801086426,39.82650089263916,40.02000045776367,10336200,0.0,0.0,LYFT
2020-05-06,39.734999656677246,40.00500011444092,37.785000801086426,39.1800012588501,17790700,0.0,0.0,LYFT
2020-05-07,45.42000102996826,50.37000274658203,44.26500034332276,47.67000102996826,34466300,0.0,0.0,LYFT
2020-05-08,48.34499931335449,50.34000205993652,48.34499931335449,49.09499931335449,11886600,0.0,0.0,LYFT
2020-05-11,47.69999885559082,48.22500228881836,45.9300012588501,47.04000091552734,12014700,0.0,0.0,LYFT
2020-05-12,46.635000228881836,48.12000274658203,44.02500057220459,44.29500102996826,13414500,0.0,0.0,LYFT
2020-05-13,44.625,44.84999942779542,40.66500091552734,42.5550012588501,15032500,0.0,0.0,LYFT
2020-05-14,41.55000114440918,41.947500228881836,39.1949987411499,41.57999897003173,12560300,0.0,0.0,LYFT
2020-05-15,41.28000068664551,42.39000034332276,40.39500045776367,42.22499942779542,6881200,0.0,0.0,LYFT
2020-05-18,44.8050012588501,46.619999885559075,44.08499908447266,45.64500045776367,11935000,0.0,0.0,LYFT
2020-05-19,45.71999931335449,47.45999908447266,44.339999198913574,46.035000801086426,8398900,0.0,0.0,LYFT
2020-05-20,47.09999942779542,47.92500114440918,45.119999885559075,46.22999954223633,8503900,0.0,0.0,LYFT
2020-05-21,46.109999656677246,46.364999771118164,44.35499954223633,45.58499908447266,6281300,0.0,0.0,LYFT
2020-05-22,45.464999198913574,46.90500068664551,44.35499954223633,46.89000034332276,6699300,0.0,0.0,LYFT
2020-05-26,48.71999931335449,49.77000045776367,47.09999942779542,48.70500183105469,9085100,0.0,0.0,LYFT
2020-05-27,49.42500114440918,50.827497482299805,47.08499908447266,50.625,9270500,0.0,0.0,LYFT
2020-05-28,50.12999725341797,50.34749794006348,47.28000068664551,47.59499931335449,6816200,0.0,0.0,LYFT
2020-05-29,47.189998626708984,48.060001373291016,45.9300012588501,46.89000034332276,6817100,0.0,0.0,LYFT
2020-06-01,46.39500045776367,48.999000549316406,45.82499885559082,48.885000228881836,8371200,0.0,0.0,LYFT
2020-06-02,49.19999885559082,49.514997482299805,47.25,47.52000045776367,6809800,0.0,0.0,LYFT
2020-06-03,50.59499931335449,53.343000411987305,50.25,51.65999794006348,16778400,0.0,0.0,LYFT
2020-06-04,52.064998626708984,55.125,51.14400100708008,54.11250114440918,11770300,0.0,0.0,LYFT
2020-06-05,56.87999725341797,59.47500228881836,56.790000915527344,57.915000915527344,12285300,0.0,0.0,LYFT
2020-06-08,59.89500045776367,61.78499794006346,58.84499931335449,61.46999931335449,11217900,0.0,0.0,LYFT
2020-06-09,59.625,60.135000228881836,58.16999816894533,58.814998626708984,7989400,0.0,0.0,LYFT
2020-06-10,59.114999771118164,59.415000915527344,56.399997711181626,57.84000205993652,9524800,0.0,0.0,LYFT
2020-06-11,54.25499725341797,56.489999771118164,52.57499885559082,52.97999954223633,12443600,0.0,0.0,LYFT
2020-06-12,55.875,56.235002517700195,53.92500114440918,55.334999084472656,12055200,0.0,0.0,LYFT
2020-06-15,53.10000228881836,54.614999771118164,51.62699890136719,54.314998626708984,19440700,0.0,0.0,LYFT
2020-06-16,57.149997711181626,57.57000160217285,54.62999725341797,55.064998626708984,9045000,0.0,0.0,LYFT
2020-06-17,55.30499839782715,55.37999725341797,52.97249794006348,52.97999954223633,6225900,0.0,0.0,LYFT
2020-06-18,52.57499885559082,54.07499885559082,52.19999885559082,53.74500274658203,5841900,0.0,0.0,LYFT
2020-06-19,54.55499839782715,55.62000274658203,51.959999084472656,52.22999954223633,8550600,0.0,0.0,LYFT
2020-06-22,52.19999885559082,52.39500045776367,49.42500114440918,51.375,9522400,0.0,0.0,LYFT
2020-06-23,52.064998626708984,53.59499931335449,51.28499794006348,53.39999771118164,7034400,0.0,0.0,LYFT
2020-06-24,52.62000274658203,53.002498626708984,49.110002517700195,49.19249725341797,11275400,0.0,0.0,LYFT
2020-06-25,48.510000228881836,50.1254997253418,47.89500045776367,49.78499794006348,9310000,0.0,0.0,LYFT
2020-06-26,49.30499839782715,49.75499725341797,47.744999885559075,48.40500068664551,11900900,0.0,0.0,LYFT
2020-06-29,48.510000228881836,50.07000160217285,46.560001373291016,49.59000205993652,6745800,0.0,0.0,LYFT
2020-06-30,49.15500068664551,50.010000228881836,48.33000183105469,49.514997482299805,5410000,0.0,0.0,LYFT
2020-07-01,49.814998626708984,50.50499725341797,47.744999885559075,48.0,6358900,0.0,0.0,LYFT
2020-07-02,49.08000183105469,50.084999084472656,47.52000045776367,47.72999954223633,6162500,0.0,0.0,LYFT
2020-07-06,49.260000228881836,50.25,48.07499885559082,49.83000183105469,8338900,0.0,0.0,LYFT
2020-07-07,49.139997482299805,49.34250068664551,46.29000091552734,46.410000801086426,9092900,0.0,0.0,LYFT
2020-07-08,46.60499954223633,48.510000228881836,46.064998626708984,48.27000045776367,7687900,0.0,0.0,LYFT
2020-07-09,48.209999084472656,48.239999771118164,44.4300012588501,44.84999942779542,9671600,0.0,0.0,LYFT
2020-07-10,45.07499885559082,46.29000091552734,44.04000091552734,46.05000114440918,6055800,0.0,0.0,LYFT
2020-07-13,46.29000091552734,46.80000114440918,43.02000045776367,43.214999198913574,9037100,0.0,0.0,LYFT
2020-07-14,42.614999771118164,42.63000011444092,41.26500034332276,41.88000011444092,9524300,0.0,0.0,LYFT
2020-07-15,43.3199987411499,46.23750114440918,43.185001373291016,46.17000102996826,11125400,0.0,0.0,LYFT
2020-07-16,45.20999908447266,45.27000045776367,43.17000102996826,44.369999885559075,7299500,0.0,0.0,LYFT
2020-07-17,44.385000228881836,45.22499942779542,43.66500091552734,44.59499931335449,5232400,0.0,0.0,LYFT
2020-07-20,44.339999198913574,45.95999908447266,43.814998626708984,45.85499954223633,5673900,0.0,0.0,LYFT
2020-07-21,46.260000228881836,46.90500068664551,45.27000045776367,45.734999656677246,5487400,0.0,0.0,LYFT
2020-07-22,45.23250102996826,46.39500045776367,45.07499885559082,46.260000228881836,5087200,0.0,0.0,LYFT
2020-07-23,45.91500091552734,47.52000045776367,45.39000034332276,46.29000091552734,6052400,0.0,0.0,LYFT
2020-07-24,45.75,45.91500091552734,43.635000228881836,45.63000011444092,7728400,0.0,0.0,LYFT
2020-07-27,45.839999198913574,46.035000801086426,44.160000801086426,44.83499908447266,4445900,0.0,0.0,LYFT
2020-07-28,44.55000114440918,45.07499885559082,44.02500057220459,44.234999656677246,4018700,0.0,0.0,LYFT
2020-07-29,44.609999656677246,45.1949987411499,44.152499198913574,44.83499908447266,3932400,0.0,0.0,LYFT
2020-07-30,44.010000228881836,44.32499885559082,43.035000801086426,44.21999931335449,5664800,0.0,0.0,LYFT
2020-07-31,44.55000114440918,44.71049880981445,43.02000045776367,43.84499931335449,5466800,0.0,0.0,LYFT
2020-08-03,43.875,44.04000091552734,42.989999771118164,43.635000228881836,4203900,0.0,0.0,LYFT
2020-08-04,43.5,45.869999885559075,43.42500114440918,45.75,7333200,0.0,0.0,LYFT
2020-08-05,46.125,46.54500102996826,45.39000034332276,46.33499908447266,4281000,0.0,0.0,LYFT
2020-08-06,46.09499931335449,49.16250228881836,46.035000801086426,48.510000228881836,7581200,0.0,0.0,LYFT
2020-08-07,46.70999908447266,46.70999908447266,44.26500034332276,45.285000801086426,11184600,0.0,0.0,LYFT
2020-08-10,45.40500068664551,47.40000057220459,44.29500102996826,46.57499885559082,11740900,0.0,0.0,LYFT
2020-08-11,46.07999897003173,47.17500114440918,45.64500045776367,45.97499942779542,9798200,0.0,0.0,LYFT
2020-08-12,46.484999656677246,47.4300012588501,45.52500057220459,45.78000068664551,12286600,0.0,0.0,LYFT
2020-08-13,44.535000801086426,44.8199987411499,43.09499931335449,43.3199987411499,18662700,0.0,0.0,LYFT
2020-08-14,42.82499885559082,43.46999931335449,42.10499954223633,42.76500034332276,9606500,0.0,0.0,LYFT
2020-08-17,42.538498878479004,42.62850093841553,39.78000068664551,40.75500011444092,14004400,0.0,0.0,LYFT
2020-08-18,40.72949981689453,42.04500102996826,40.439998626708984,41.910000801086426,11469800,0.0,0.0,LYFT
2020-08-19,41.600998878479004,43.05000114440918,41.57999897003173,42.20999908447266,7487700,0.0,0.0,LYFT
2020-08-20,41.69999885559082,46.364999771118164,38.609999656677246,44.64000034332276,56019000,0.0,0.0,LYFT
2020-08-21,44.189998626708984,45.34499931335449,42.9449987411499,43.39500045776367,12728300,0.0,0.0,LYFT
2020-08-24,43.57499885559082,43.90050029754638,42.375,43.46999931335449,6044400,0.0,0.0,LYFT
2020-08-25,43.410000801086426,43.785000801086426,42.70499897003173,43.51500034332276,5067500,0.0,0.0,LYFT
2020-08-26,43.5,44.910000801086426,43.34999942779542,44.28000068664551,6895000,0.0,0.0,LYFT
2020-08-27,44.52000045776367,44.69999885559082,43.41749954223633,44.55000114440918,6494500,0.0,0.0,LYFT
2020-08-28,44.984999656677246,46.22999954223633,44.564998626708984,46.15500068664551,7747700,0.0,0.0,LYFT
2020-08-31,45.95999908447266,46.298998832702644,44.39249897003173,44.50500011444092,4815200,0.0,0.0,LYFT
2020-09-01,44.29500102996826,44.8050012588501,43.39500045776367,44.14500045776367,5622000,0.0,0.0,LYFT
2020-09-02,44.09999942779542,44.302499771118164,42.435001373291016,42.91500091552734,9083400,0.0,0.0,LYFT
2020-09-03,43.17000102996826,44.02500057220459,42.060001373291016,42.839999198913574,10351100,0.0,0.0,LYFT
2020-09-04,42.9449987411499,43.75500011444092,40.75500011444092,43.45499897003173,7066400,0.0,0.0,LYFT
2020-09-08,42.34499931335449,46.42500114440918,42.060001373291016,45.15000057220459,10688900,0.0,0.0,LYFT
2020-09-09,44.714999198913574,45.75,43.859999656677246,44.8050012588501,8865200,0.0,0.0,LYFT
2020-09-10,45.314998626708984,46.80000114440918,43.994999885559075,44.26500034332276,8130600,0.0,0.0,LYFT
2020-09-11,44.65500068664551,46.81050109863281,44.35499954223633,46.14000034332276,9865700,0.0,0.0,LYFT
2020-09-14,46.244999885559075,48.23249816894531,46.244999885559075,47.95499897003173,9740000,0.0,0.0,LYFT
2020-09-15,48.389997482299805,48.40500068664551,45.07499885559082,45.34499931335449,14197200,0.0,0.0,LYFT
2020-09-16,45.239999771118164,46.65000057220459,45.239999771118164,46.05000114440918,8438100,0.0,0.0,LYFT
2020-09-17,45.0,47.0550012588501,44.369999885559075,46.859999656677246,9536700,0.0,0.0,LYFT
2020-09-18,46.859999656677246,46.935001373291016,45.285000801086426,45.885000228881836,8020000,0.0,0.0,LYFT
2020-09-21,44.310001373291016,44.686500549316406,42.660000801086426,43.34999942779542,9288300,0.0,0.0,LYFT
2020-09-22,43.75500011444092,43.758001327514656,42.0,42.464999198913574,9349500,0.0,0.0,LYFT
2020-09-23,42.40500068664551,42.839999198913574,40.439998626708984,40.45499897003173,6471800,0.0,0.0,LYFT
2020-09-24,40.29000091552734,41.20499897003173,39.76500034332276,40.15500068664551,8672100,0.0,0.0,LYFT
2020-09-25,39.989999771118164,41.29500102996826,39.78000068664551,41.29500102996826,5470400,0.0,0.0,LYFT
2020-09-28,42.20999908447266,42.66749954223633,41.572500228881836,42.07499885559082,7257100,0.0,0.0,LYFT
2020-09-29,41.92500114440918,41.92500114440918,40.68299961090087,40.70999908447266,5938600,0.0,0.0,LYFT
2020-09-30,41.04000091552734,42.16500091552734,41.010000228881836,41.32499885559082,7196300,0.0,0.0,LYFT
2020-10-01,42.0,42.54000091552734,41.347500801086426,41.714999198913574,7132300,0.0,0.0,LYFT
2020-10-02,40.34999942779542,41.910000801086426,40.125,41.4449987411499,6786200,0.0,0.0,LYFT
2020-10-05,41.744999885559075,42.089999198913574,39.97499942779542,40.035000801086426,10741000,0.0,0.0,LYFT
2020-10-06,40.619999885559075,41.0550012588501,39.359999656677246,39.614999771118164,9303900,0.0,0.0,LYFT
2020-10-07,40.125,40.34999942779542,39.16500091552734,39.40500068664551,10848600,0.0,0.0,LYFT
2020-10-08,39.70499897003173,41.385000228881836,39.5550012588501,40.814998626708984,13330700,0.0,0.0,LYFT
2020-10-09,41.28000068664551,42.135000228881836,41.17500114440918,41.69999885559082,6724300,0.0,0.0,LYFT
2020-10-12,41.88000011444092,41.88000011444092,40.39500045776367,40.859999656677246,6813300,0.0,0.0,LYFT
2020-10-13,40.70999908447266,40.80000114440918,39.48750114440918,39.494999885559075,8732100,0.0,0.0,LYFT
2020-10-14,39.75,40.439998626708984,39.23850059509278,40.125,7877200,0.0,0.0,LYFT
2020-10-15,39.52500057220459,39.54000091552734,38.29500102996826,38.40000057220459,9010500,0.0,0.0,LYFT
2020-10-16,38.744999885559075,38.744999885559075,37.814998626708984,38.29500102996826,6769800,0.0,0.0,LYFT
2020-10-19,38.55000114440918,38.685001373291016,36.90000057220459,36.9449987411499,9830200,0.0,0.0,LYFT
2020-10-20,37.439998626708984,38.4449987411499,36.81750011444092,37.6949987411499,11399000,0.0,0.0,LYFT
2020-10-21,37.45499897003173,37.5,36.25500011444092,36.989999771118164,10514100,0.0,0.0,LYFT
2020-10-22,37.19999885559082,38.55000114440918,37.05000114440918,38.369999885559075,7329600,0.0,0.0,LYFT
2020-10-23,38.13000011444092,39.32999897003173,37.60499954223633,39.03000068664551,8124600,0.0,0.0,LYFT
2020-10-26,38.52000045776367,39.03000068664551,37.02000045776367,37.260000228881836,7230200,0.0,0.0,LYFT
2020-10-27,37.14000034332276,37.18349933624268,34.33499908447266,34.410000801086426,15308000,0.0,0.0,LYFT
2020-10-28,33.660000801086426,33.9300012588501,32.010000228881836,33.34499931335449,17627600,0.0,0.0,LYFT
2020-10-29,33.34499931335449,34.90500068664551,32.864999771118164,34.39500045776367,7482600,0.0,0.0,LYFT
2020-10-30,34.22999954223633,35.14500045776367,33.59999942779542,34.244999885559075,8012800,0.0,0.0,LYFT
2020-11-02,34.785000801086426,37.00500011444092,34.34999942779542,36.75,12181700,0.0,0.0,LYFT
2020-11-03,37.364999771118164,39.90000057220459,37.29000091552734,39.34499931335449,16311400,0.0,0.0,LYFT
2020-11-04,47.55000114440918,48.17999839782715,42.464999198913574,43.785000801086426,60939000,0.0,0.0,LYFT
2020-11-05,43.63649940490723,44.625,43.07999897003173,43.54500102996826,12774700,0.0,0.0,LYFT
2020-11-06,42.97499942779542,45.494999885559075,41.89500045776367,44.760000228881836,16028400,0.0,0.0,LYFT
2020-11-09,52.50600242614746,56.96999931335449,52.439998626708984,56.53499794006346,36882200,0.0,0.0,LYFT
2020-11-10,55.16999816894533,57.086997985839844,53.834999084472656,54.07499885559082,22041700,0.0,0.0,LYFT
2020-11-11,55.931997299194336,58.35000228881836,53.790000915527344,54.614999771118164,30160800,0.0,0.0,LYFT
2020-11-12,53.189998626708984,56.71500205993652,53.14500045776367,54.689998626708984,13324300,0.0,0.0,LYFT
2020-11-13,55.125,56.61749839782715,53.95500183105469,56.310001373291016,8256600,0.0,0.0,LYFT
2020-11-16,58.560001373291016,60.014997482299805,58.064998626708984,59.87999725341797,12649100,0.0,0.0,LYFT
2020-11-17,58.290000915527344,60.65999794006346,58.08000183105469,59.12999725341797,8342900,0.0,0.0,LYFT
2020-11-18,59.71500205993652,62.11200141906738,59.28000068664551,59.65500068664551,8909500,0.0,0.0,LYFT
2020-11-19,59.399997711181626,61.125,58.67999839782715,60.165000915527344,7658400,0.0,0.0,LYFT
2020-11-20,60.25499725341797,60.44999885559082,56.59499931335449,57.149997711181626,12373000,0.0,0.0,LYFT
2020-11-23,57.810001373291016,59.92500114440918,57.65999794006346,59.024997711181626,9408300,0.0,0.0,LYFT
2020-11-24,60.60000228881836,60.60000228881836,58.77000045776367,59.235002517700195,9086200,0.0,0.0,LYFT
2020-11-25,58.5,59.399997711181626,57.30000114440918,59.28000068664551,5409700,0.0,0.0,LYFT
2020-11-27,59.05499839782715,59.85000228881836,58.15500068664551,58.560001373291016,3664800,0.0,0.0,LYFT
2020-11-30,58.185001373291016,59.024997711181626,56.44500160217285,57.25499725341797,5303100,0.0,0.0,LYFT
2020-12-01,58.62000274658203,61.30499839782715,58.09499931335449,59.415000915527344,6965000,0.0,0.0,LYFT
2020-12-02,58.53750228881836,65.79000091552734,57.30000114440918,65.10000228881836,17157800,0.0,0.0,LYFT
2020-12-03,65.11499977111816,66.09000205993652,63.60000228881836,64.64999771118163,8617000,0.0,0.0,LYFT
2020-12-04,65.10000228881836,69.20999908447266,65.10000228881836,69.14999771118163,10547900,0.0,0.0,LYFT
2020-12-07,71.02499771118163,71.62350082397461,69.04499816894533,69.83250045776367,8608200,0.0,0.0,LYFT
2020-12-08,69.06000137329102,71.85000228881836,69.06000137329102,69.78000068664551,7448800,0.0,0.0,LYFT
2020-12-09,70.84499931335449,73.125,69.34499931335449,71.29499816894533,11669100,0.0,0.0,LYFT
2020-12-10,69.97500228881836,72.97500228881836,68.71500205993652,72.16500091552734,7236600,0.0,0.0,LYFT
2020-12-11,72.04499816894533,73.75499725341797,69.64500045776367,70.30499839782715,7040700,0.0,0.0,LYFT
2020-12-14,71.43300247192383,72.60000228881836,69.94500160217285,70.15500068664551,6105900,0.0,0.0,LYFT
2020-12-15,70.4850025177002,73.99049949645996,70.45500183105469,73.94999885559082,6935700,0.0,0.0,LYFT
2020-12-16,73.94999885559082,75.55499839782715,73.94999885559082,74.86499977111816,8864800,0.0,0.0,LYFT
2020-12-17,74.77499771118163,75.82499885559082,73.64250183105469,74.20500183105469,5987300,0.0,0.0,LYFT
2020-12-18,74.14500045776367,75.22500228881836,72.82499885559082,74.96999931335449,7041400,0.0,0.0,LYFT
2020-12-21,72.0149974822998,75.54000091552734,71.46750068664551,74.86499977111816,7660200,0.0,0.0,LYFT
2020-12-22,75.16500091552734,75.27000045776367,73.39500045776367,74.2649974822998,4437700,0.0,0.0,LYFT
2020-12-23,74.625,75.82499885559082,74.28000068664551,75.10499954223633,5988100,0.0,0.0,LYFT
2020-12-24,75.03000068664551,75.10499954223633,73.03499794006346,73.29000091552734,1939700,0.0,0.0,LYFT
2020-12-28,73.875,74.83499908447266,72.55499839782715,74.65500068664551,3321400,0.0,0.0,LYFT
2020-12-29,74.2649974822998,75.34499931335449,73.1100025177002,73.875,6320200,0.0,0.0,LYFT
2020-12-30,74.07000160217285,76.18500137329102,73.29000091552734,75.51000022888184,5569900,0.0,0.0,LYFT
2020-12-31,75.3899974822998,75.44999885559082,73.57499885559082,73.69500160217285,3224100,0.0,0.0,LYFT
2021-01-04,74.07000160217285,75.03000068664551,69.7649974822998,70.91999816894533,6214700,0.0,0.0,LYFT
2021-01-05,70.53000068664551,73.8600025177002,69.89999771118163,73.27499771118163,5338100,0.0,0.0,LYFT
2021-01-06,73.46999931335449,73.70999908447266,70.37999725341797,71.18999862670898,7678800,0.0,0.0,LYFT
2021-01-07,72.13500022888184,73.90500068664551,72.13500022888184,73.26000022888184,6651100,0.0,0.0,LYFT
2021-01-08,73.1100025177002,73.42500114440918,70.26000022888184,71.25,5068300,0.0,0.0,LYFT
2021-01-11,69.92999839782715,73.29000091552734,69.09000205993652,72.55499839782715,5472200,0.0,0.0,LYFT
2021-01-12,72.68999862670898,76.66500091552734,71.2350025177002,76.02000045776367,14867900,0.0,0.0,LYFT
2021-01-13,75.20999908447266,76.8600025177002,73.70999908447266,74.66999816894533,6696400,0.0,0.0,LYFT
2021-01-14,75.41999816894533,76.42500114440918,72.31499862670898,73.11749839782715,4646600,0.0,0.0,LYFT
2021-01-15,72.94500160217285,73.54499816894533,71.31749725341797,71.82000160217285,4187600,0.0,0.0,LYFT
2021-01-19,72.92999839782715,74.89500045776367,71.71500205993652,73.43999862670898,6293000,0.0,0.0,LYFT
2021-01-20,73.91250228881836,75.375,72.79499816894533,73.40999794006346,4810000,0.0,0.0,LYFT
2021-01-21,73.63500022888184,73.8899974822998,71.85000228881836,72.14999771118163,4422400,0.0,0.0,LYFT
2021-01-22,71.71500205993652,72.07499885559082,70.5149974822998,71.71500205993652,3493400,0.0,0.0,LYFT
2021-01-25,71.6399974822998,71.6399974822998,66.16500091552734,70.70999908447266,7314400,0.0,0.0,LYFT
2021-01-26,71.20500183105469,73.17749977111816,70.1399974822998,70.35000228881836,5446500,0.0,0.0,LYFT
2021-01-27,68.46149826049805,68.82000160217285,64.40999794006346,65.42999839782715,8946400,0.0,0.0,LYFT
2021-01-28,67.125,70.29000091552734,66.49500274658203,69.33000183105469,6464700,0.0,0.0,LYFT
2021-01-29,68.66999816894533,69.22500228881836,65.48999977111816,66.68999862670898,5631200,0.0,0.0,LYFT
2021-02-01,68.34000205993652,68.74500274658203,67.125,68.2649974822998,6732600,0.0,0.0,LYFT
2021-02-02,69.14999771118163,72.47999954223633,69.14999771118163,71.25,7043300,0.0,0.0,LYFT
2021-02-03,71.83499908447266,74.6100025177002,70.81499862670898,74.11499977111816,5047200,0.0,0.0,LYFT
2021-02-04,74.76000022888184,78.46500205993652,74.32499885559082,77.65500068664551,6853200,0.0,0.0,LYFT
2021-02-05,78.375,80.31000137329102,78.20999908447266,79.67999839782715,6222500,0.0,0.0,LYFT
2021-02-08,79.96500205993652,82.125,78.89999771118163,80.11499977111816,5460000,0.0,0.0,LYFT
2021-02-09,79.40999794006346,82.18500137329102,79.05000114440918,80.45999908447266,11509000,0.0,0.0,LYFT
2021-02-10,87.75,89.10000228881836,82.8899974822998,84.31499862670898,20503900,0.0,0.0,LYFT
2021-02-11,83.6399974822998,86.39999771118163,83.10000228881836,85.60499954223633,10478600,0.0,0.0,LYFT
2021-02-12,84.30000114440918,86.52000045776367,82.94999885559082,86.47500228881836,6414900,0.0,0.0,LYFT
2021-02-16,87.22500228881836,88.37999725341797,86.07000160217285,87.68250274658203,7250300,0.0,0.0,LYFT
2021-02-17,86.86499977111816,87.3899974822998,83.6399974822998,87.16500091552734,4477700,0.0,0.0,LYFT
2021-02-18,85.5,87.47999954223633,84.67500114440918,85.60499954223633,7219000,0.0,0.0,LYFT
2021-02-19,86.50499725341797,89.72999954223633,86.2649974822998,88.39500045776367,9238000,0.0,0.0,LYFT
2021-02-22,87.20999908447266,89.20500183105469,85.05000114440918,85.22999954223633,7936000,0.0,0.0,LYFT
2021-02-23,83.68500137329102,87.375,81.81000137329102,86.58000183105469,5851700,0.0,0.0,LYFT
2021-02-24,86.45999908447266,89.48999977111816,85.03499794006346,88.69500160217285,6370900,0.0,0.0,LYFT
2021-02-25,88.59000205993652,89.2350025177002,82.66500091552734,83.86499977111816,7030300,0.0,0.0,LYFT
2021-02-26,83.6100025177002,85.78499794006346,82.29000091552734,83.55000114440918,4477400,0.0,0.0,LYFT
2021-03-01,85.43999862670898,87.53249931335449,84.95999908447266,86.01000022888184,4094700,0.0,0.0,LYFT
2021-03-02,86.2649974822998,87.23999977111816,85.08000183105469,85.59000205993652,3845300,0.0,0.0,LYFT
2021-03-03,89.55000114440918,95.37000274658203,86.96999931335449,92.6399974822998,23938800,0.0,0.0,LYFT
2021-03-04,92.25,94.8899974822998,89.15999794006346,92.80499839782715,13491600,0.0,0.0,LYFT
2021-03-05,94.73999977111816,97.63499450683594,91.46999931335449,96.18000411987305,14017600,0.0,0.0,LYFT
2021-03-08,98.00999450683594,98.92499542236328,95.66999816894533,96.46499633789062,8828300,0.0,0.0,LYFT
2021-03-09,97.57500457763672,97.77000045776367,92.6399974822998,93.51000022888184,8113400,0.0,0.0,LYFT
2021-03-10,94.02000045776367,95.85000228881836,91.7024974822998,91.96500205993652,7269700,0.0,0.0,LYFT
2021-03-11,93.43500137329102,97.36500549316406,93.29850196838379,94.08000183105469,5778600,0.0,0.0,LYFT
2021-03-12,93.7350025177002,100.35000228881836,92.59499931335449,99.55500411987305,8332600,0.0,0.0,LYFT
2021-03-15,99.49500274658203,101.70000457763672,97.30500411987305,101.12999725341797,8146200,0.0,0.0,LYFT
2021-03-16,101.00999450683594,101.66999816894531,95.90999794006346,97.03500366210938,6503300,0.0,0.0,LYFT
2021-03-17,97.4849967956543,99.45000457763672,96.35250091552734,98.89500045776367,5639700,0.0,0.0,LYFT
2021-03-18,99.64500045776367,102.41999816894531,98.27999496459961,99.12000274658203,8046800,0.0,0.0,LYFT
2021-03-19,98.33999633789062,101.20500183105469,96.34500503540039,99.83999633789062,6036300,0.0,0.0,LYFT
2021-03-22,100.02000045776367,100.45500183105469,95.93999862670898,96.24000549316406,5067200,0.0,0.0,LYFT
2021-03-23,95.70299720764159,96.24000549316406,91.29000091552734,92.34000205993652,5399100,0.0,0.0,LYFT
2021-03-24,93.55499839782715,95.625,91.33499908447266,91.45500183105469,3239300,0.0,0.0,LYFT
2021-03-25,89.86499977111816,95.82000160217285,89.31000137329102,95.35499954223633,4677100,0.0,0.0,LYFT
2021-03-26,97.07249450683594,98.12999725341797,95.02499771118163,96.7650032043457,4384900,0.0,0.0,LYFT
2021-03-29,96.7349967956543,97.78500366210938,95.17500114440918,95.42999839782715,3171800,0.0,0.0,LYFT
2021-03-30,95.41500091552734,95.90999794006346,93.49500274658203,94.57499885559082,3475500,0.0,0.0,LYFT
2021-03-31,94.45500183105469,95.93999862670898,92.11499977111816,94.77000045776367,5822100,0.0,0.0,LYFT
2021-04-01,95.17500114440918,97.02749633789062,93.10499954223633,96.95999908447266,5154600,0.0,0.0,LYFT
2021-04-05,98.32500457763672,98.91000366210938,95.32499885559082,96.70500183105469,4202300,0.0,0.0,LYFT
2021-04-06,96.79499816894531,98.02499771118164,96.18000411987305,96.3599967956543,3730500,0.0,0.0,LYFT
2021-04-07,95.77499771118163,96.20999908447266,91.18500137329102,91.43999862670898,6128900,0.0,0.0,LYFT
2021-04-08,91.66500091552734,93.20999908447266,90.78000068664551,93.0149974822998,4918700,0.0,0.0,LYFT
2021-04-09,92.25,92.62200164794922,89.56499862670898,91.45500183105469,7642800,0.0,0.0,LYFT
2021-04-12,91.88699913024902,93.375,88.54499816894533,89.77499771118163,8687600,0.0,0.0,LYFT
2021-04-13,88.8899974822998,93.57000160217285,87.52499771118163,93.49500274658203,5672900,0.0,0.0,LYFT
2021-04-14,93.51000022888184,97.4849967956543,93.43500137329102,94.19999885559082,5163700,0.0,0.0,LYFT
2021-04-15,95.20500183105469,97.52249908447266,94.1100025177002,96.66000366210938,5304900,0.0,0.0,LYFT
2021-04-16,96.70500183105469,97.30500411987305,94.70999908447266,95.10000228881836,3292800,0.0,0.0,LYFT
2021-04-19,94.40999794006346,95.31000137329102,92.4225025177002,92.80499839782715,3871600,0.0,0.0,LYFT
2021-04-20,92.59499931335449,93.06000137329102,88.19999885559082,91.19999885559082,5179600,0.0,0.0,LYFT
2021-04-21,90.46500205993652,92.07000160217285,88.69500160217285,91.1100025177002,5305500,0.0,0.0,LYFT
2021-04-22,91.1399974822998,93.78000068664551,89.86499977111816,91.5,4749200,0.0,0.0,LYFT
2021-04-23,92.10000228881836,95.71500205993652,91.94249725341797,95.55000114440918,4369000,0.0,0.0,LYFT
2021-04-26,95.96999931335449,97.20000457763672,94.41749954223633,94.59000205993652,4745000,0.0,0.0,LYFT
2021-04-27,97.2809944152832,98.45999908447266,93.07499885559082,93.20999908447266,9832700,0.0,0.0,LYFT
2021-04-28,93.3600025177002,96.12000274658203,91.54499816894533,95.10000228881836,4482200,0.0,0.0,LYFT
2021-04-29,95.93999862670898,95.93999862670898,81.54000091552734,85.64999771118163,27085900,0.0,0.0,LYFT
2021-04-30,84.09000205993652,87.09000205993652,82.875,83.48999977111816,10841900,0.0,0.0,LYFT
2021-05-03,84.44999885559082,86.02499771118163,84.04499816894533,85.62000274658203,6547400,0.0,0.0,LYFT
2021-05-04,84.28499794006346,84.7350025177002,80.21999931335449,84.28499794006346,14453700,0.0,0.0,LYFT
2021-05-05,86.35499954223633,86.39999771118163,78.0,78.94500160217285,25071200,0.0,0.0,LYFT
2021-05-06,75.94049835205078,76.90500068664551,73.06499862670898,74.69999885559082,14933500,0.0,0.0,LYFT
2021-05-07,75.82499885559082,77.31000137329102,74.46750068664551,75.10499954223633,7766100,0.0,0.0,LYFT
2021-05-10,76.90500068664551,77.52000045776367,73.06499862670898,73.73999977111816,7563700,0.0,0.0,LYFT
2021-05-11,71.10000228881836,74.77499771118163,70.66500091552734,73.22999954223633,6907100,0.0,0.0,LYFT
2021-05-12,73.30499839782715,74.65500068664551,69.51000022888184,70.33499908447266,10442500,0.0,0.0,LYFT
2021-05-13,70.95450210571289,72.38250160217285,67.92749977111816,69.03000068664551,9573500,0.0,0.0,LYFT
2021-05-14,70.66500091552734,75.28499794006346,70.45500183105469,74.47500228881836,8314800,0.0,0.0,LYFT
2021-05-17,73.875,75.17999839782715,73.06499862670898,74.56499862670898,4213300,0.0,0.0,LYFT
2021-05-18,76.66500091552734,79.73999977111816,76.55850219726562,77.2649974822998,9206200,0.0,0.0,LYFT
2021-05-19,74.83499908447266,78.58499908447266,74.625,78.31499862670898,5218200,0.0,0.0,LYFT
2021-05-20,79.09499931335449,79.33499908447266,75.7649974822998,77.93999862670898,7883500,0.0,0.0,LYFT
2021-05-21,78.7350025177002,80.625,77.71500205993652,78.47999954223633,4842100,0.0,0.0,LYFT
2021-05-24,78.62999725341797,81.0,77.96999931335449,79.96500205993652,5993700,0.0,0.0,LYFT
2021-05-25,80.38500022888184,83.15999794006346,78.97500228881836,79.1399974822998,6658600,0.0,0.0,LYFT
2021-05-26,79.64999771118163,82.60499954223633,79.21500205993652,82.37999725341797,6364700,0.0,0.0,LYFT
2021-05-27,83.10000228881836,84.49500274658203,81.34499931335449,83.2350025177002,19935200,0.0,0.0,LYFT
2021-05-28,82.93500137329102,86.08499908447266,82.83000183105469,85.63500022888184,9039000,0.0,0.0,LYFT
2021-06-01,86.01149940490724,88.5,85.09499931335449,88.1399974822998,6700900,0.0,0.0,LYFT
2021-06-02,88.05000114440918,88.68149757385254,86.48249816894533,87.68999862670898,4065400,0.0,0.0,LYFT
2021-06-03,87.0,87.0,84.31499862670898,84.47999954223633,4581300,0.0,0.0,LYFT
2021-06-04,84.97500228881836,86.27249908447266,84.68999862670898,86.10000228881836,2963100,0.0,0.0,LYFT
2021-06-07,86.31000137329102,88.62000274658203,85.56000137329102,87.84000205993652,4535400,0.0,0.0,LYFT
2021-06-08,88.36499977111816,88.57499885559082,84.52499771118163,85.1100025177002,5714600,0.0,0.0,LYFT
2021-06-09,85.40999794006346,85.66500091552734,83.04000091552734,83.07000160217285,4140800,0.0,0.0,LYFT
2021-06-10,84.19500160217285,84.30000114440918,81.81000137329102,83.48999977111816,4991300,0.0,0.0,LYFT
2021-06-11,83.59499931335449,84.60000228881836,82.69500160217285,84.16500091552734,3654300,0.0,0.0,LYFT
2021-06-14,84.44999885559082,90.44999885559082,84.30000114440918,87.61499977111816,8750900,0.0,0.0,LYFT
2021-06-15,86.92500114440918,87.40500068664551,85.05000114440918,86.72999954223633,4098600,0.0,0.0,LYFT
2021-06-16,86.74500274658203,86.93999862670898,84.06000137329102,85.45500183105469,3881200,0.0,0.0,LYFT
2021-06-17,85.125,89.52000045776367,84.92999839782715,88.19999885559082,5242500,0.0,0.0,LYFT
2021-06-18,88.19999885559082,89.41500091552734,86.54249954223633,87.71999931335449,4640500,0.0,0.0,LYFT
2021-06-21,88.77000045776367,89.77499771118163,86.68500137329102,89.25,4559500,0.0,0.0,LYFT
2021-06-22,89.07000160217285,89.51850128173828,87.06000137329102,88.59000205993652,3429700,0.0,0.0,LYFT
2021-06-23,89.31749725341797,92.89500045776367,88.94999885559082,92.11499977111816,4918400,0.0,0.0,LYFT
2021-06-24,91.875,92.94750022888184,90.25499725341797,92.66999816894533,3747000,0.0,0.0,LYFT
2021-06-25,93.13500022888184,93.58499908447266,90.98999977111816,92.25,10442700,0.0,0.0,LYFT
2021-06-28,92.25,92.34000205993652,87.88500022888184,88.09499931335449,5371000,0.0,0.0,LYFT
2021-06-29,88.77000045776367,90.375,87.82499885559082,89.9850025177002,3530900,0.0,0.0,LYFT
2021-06-30,89.48999977111816,92.07000160217285,89.48999977111816,90.71999931335449,3741600,0.0,0.0,LYFT
2021-07-01,91.94249725341797,94.35000228881836,91.26000022888184,92.80499839782715,5423300,0.0,0.0,LYFT
2021-07-02,93.0,94.60499954223633,92.41500091552734,94.18500137329102,3507400,0.0,0.0,LYFT
2021-07-06,93.92999839782715,94.5,91.46999931335449,92.45999908447266,4470600,0.0,0.0,LYFT
2021-07-07,92.59499931335449,92.82000160217285,87.04499816894533,88.125,5801300,0.0,0.0,LYFT
2021-07-08,86.11499977111816,88.43999862670898,84.81000137329102,87.82499885559082,4062400,0.0,0.0,LYFT
2021-07-09,88.83000183105469,90.31499862670898,87.84000205993652,90.09000205993652,2677400,0.0,0.0,LYFT
2021-07-12,90.0,90.44999885559082,87.0149974822998,87.10499954223633,3104400,0.0,0.0,LYFT
2021-07-13,86.59499931335449,87.17999839782715,85.19999885559082,85.60499954223633,3346400,0.0,0.0,LYFT
2021-07-14,86.25,86.59499931335449,83.13749885559082,83.74500274658203,4103800,0.0,0.0,LYFT
2021-07-15,83.79000091552734,84.19500160217285,81.33000183105469,82.09499931335449,3593600,0.0,0.0,LYFT
2021-07-16,82.53000068664551,83.2649974822998,79.70999908447266,80.10000228881836,4546600,0.0,0.0,LYFT
2021-07-19,78.09000205993652,78.27000045776367,75.81000137329102,77.58000183105469,7056800,0.0,0.0,LYFT
2021-07-20,78.0149974822998,79.59000205993652,76.16999816894533,79.42500114440918,5018900,0.0,0.0,LYFT
2021-07-21,79.5,84.17999839782715,79.4069995880127,83.65500068664551,5955400,0.0,0.0,LYFT
2021-07-22,83.625,84.11250114440918,81.5459976196289,82.70999908447266,4418900,0.0,0.0,LYFT
2021-07-23,83.48999977111816,83.59499931335449,81.70500183105469,82.35000228881836,2730200,0.0,0.0,LYFT
2021-07-26,82.33499908447266,83.85000228881836,80.6399974822998,81.58499908447266,3894400,0.0,0.0,LYFT
2021-07-27,80.6100025177002,80.9850025177002,78.30000114440918,79.97999954223633,3389600,0.0,0.0,LYFT
2021-07-28,80.93999862670898,83.68500137329102,80.56499862670898,83.65500068664551,4639100,0.0,0.0,LYFT
2021-07-29,82.94999885559082,86.29499816894533,82.21500205993652,85.1100025177002,4140100,0.0,0.0,LYFT
2021-07-30,84.12000274658203,85.02750205993652,82.62749862670898,82.97999954223633,2842200,0.0,0.0,LYFT
2021-08-02,82.45500183105469,86.6399974822998,82.1399974822998,84.0,4798900,0.0,0.0,LYFT
2021-08-03,84.54000091552734,84.54000091552734,80.76000022888184,83.07000160217285,9309600,0.0,0.0,LYFT
2021-08-04,81.05249977111816,81.40500068664551,74.15999794006346,74.29499816894533,21655100,0.0,0.0,LYFT
2021-08-05,74.39999771118163,80.62050247192383,74.29499816894533,78.62999725341797,10310800,0.0,0.0,LYFT
2021-08-06,78.7649974822998,80.39999771118163,78.33000183105469,78.65999794006346,4536100,0.0,0.0,LYFT
2021-08-09,78.17999839782715,78.89999771118163,76.75499725341797,78.19500160217285,3872200,0.0,0.0,LYFT
2021-08-10,78.87000274658203,81.05249977111816,78.79499816894533,80.77499771118163,3612600,0.0,0.0,LYFT
2021-08-11,80.15999794006346,81.06000137329102,78.04499816894533,80.86499977111816,4266600,0.0,0.0,LYFT
2021-08-12,81.91500091552734,82.22999954223633,79.53000068664551,80.72999954223633,3243400,0.0,0.0,LYFT
2021-08-13,80.86499977111816,81.22500228881836,79.41450119018555,80.08499908447266,2776800,0.0,0.0,LYFT
2021-08-16,78.87000274658203,78.87000274658203,75.5475025177002,76.24500274658203,4082600,0.0,0.0,LYFT
2021-08-17,75.07499885559082,75.75,72.28499794006346,73.66500091552734,5530100,0.0,0.0,LYFT
2021-08-18,73.73999977111816,75.91500091552734,73.33499908447266,74.37000274658203,3198200,0.0,0.0,LYFT
2021-08-19,73.80000114440918,73.94999885559082,69.52800178527832,70.18500137329102,7034400,0.0,0.0,LYFT
2021-08-20,69.51299858093262,69.7350025177002,67.15500068664551,68.83499908447266,11142100,0.0,0.0,LYFT
2021-08-23,66.7350025177002,70.875,66.09000205993652,70.8600025177002,9545800,0.0,0.0,LYFT
2021-08-24,71.12999725341797,72.40500068664551,70.94999885559082,71.50499725341797,7341500,0.0,0.0,LYFT
2021-08-25,71.82000160217285,74.34000205993652,70.29000091552734,74.14500045776367,5597600,0.0,0.0,LYFT
2021-08-26,74.03700256347656,75.67500114440918,72.23999977111816,72.89999771118163,3069600,0.0,0.0,LYFT
2021-08-27,72.1725025177002,73.875,72.1725025177002,72.58499908447266,2766900,0.0,0.0,LYFT
2021-08-30,72.64500045776367,73.06499862670898,70.37999725341797,70.69500160217285,4307000,0.0,0.0,LYFT
2021-08-31,70.73999977111816,72.14999771118163,70.69500160217285,71.41500091552734,5075600,0.0,0.0,LYFT
2021-09-01,72.0,74.38500022888184,71.76000022888184,72.55499839782715,4550300,0.0,0.0,LYFT
2021-09-02,73.5,74.95199775695801,72.30000114440918,73.94999885559082,3808300,0.0,0.0,LYFT
2021-09-03,73.78499794006346,73.78499794006346,71.59499931335449,72.31499862670898,3745900,0.0,0.0,LYFT
2021-09-07,72.87000274658203,76.23750114440918,72.67500114440918,75.88500022888184,6125700,0.0,0.0,LYFT
2021-09-08,75.71999931335449,76.8600025177002,73.54499816894533,74.71500205993652,3456300,0.0,0.0,LYFT
2021-09-09,74.20500183105469,76.6725025177002,73.94999885559082,75.7649974822998,3236100,0.0,0.0,LYFT
2021-09-10,76.78499794006346,77.55000114440918,74.96999931335449,75.0149974822998,3333000,0.0,0.0,LYFT
2021-09-13,76.41749954223633,78.82499885559082,74.21999931335449,77.76000022888184,4018700,0.0,0.0,LYFT
2021-09-14,77.38500022888184,78.31499862670898,75.12000274658203,75.79499816894533,5012700,0.0,0.0,LYFT
2021-09-15,76.27499771118163,76.80000114440918,75.0149974822998,76.5149974822998,3506300,0.0,0.0,LYFT
2021-09-16,76.125,78.70500183105469,75.87000274658203,78.58499908447266,4322600,0.0,0.0,LYFT
2021-09-17,79.15500068664551,79.63500022888184,77.42999839782715,78.27000045776367,5396500,0.0,0.0,LYFT
2021-09-20,75.64500045776367,78.12000274658203,75.44999885559082,76.67999839782715,4322700,0.0,0.0,LYFT
2021-09-21,78.97949981689453,82.53000068664551,78.20999908447266,81.67500114440918,8427100,0.0,0.0,LYFT
2021-09-22,82.43999862670898,83.65500068664551,81.7649974822998,82.03499794006346,4972000,0.0,0.0,LYFT
2021-09-23,83.12999725341797,84.20999908447266,82.21500205993652,83.45999908447266,5155000,0.0,0.0,LYFT
2021-09-24,82.60499954223633,84.23999977111816,82.5149974822998,83.79000091552734,3322400,0.0,0.0,LYFT
2021-09-27,83.66999816894533,85.05000114440918,83.2350025177002,83.96999931335449,3253900,0.0,0.0,LYFT
2021-09-28,83.55000114440918,84.03000068664551,81.0149974822998,81.27000045776367,2757800,0.0,0.0,LYFT
2021-09-29,82.40999794006346,82.40999794006346,79.77750205993652,79.97999954223633,3162800,0.0,0.0,LYFT
2021-09-30,79.83000183105469,80.92500114440918,78.48750114440918,80.38500022888184,3454500,0.0,0.0,LYFT
2021-10-01,81.60000228881836,83.6399974822998,80.80499839782715,83.21999931335449,4369200,0.0,0.0,LYFT
2021-10-04,81.61499977111816,82.36499977111816,79.19999885559082,80.52000045776367,3905400,0.0,0.0,LYFT
2021-10-05,80.89500045776367,81.3899974822998,79.33499908447266,79.37999725341797,2881200,0.0,0.0,LYFT
2021-10-06,78.88500022888184,81.60000228881836,78.43500137329102,81.23999977111816,3466300,0.0,0.0,LYFT
2021-10-07,81.84000205993652,84.14999771118163,81.25499725341797,82.05000114440918,3813900,0.0,0.0,LYFT
2021-10-08,82.53000068664551,84.91500091552734,81.46500205993652,82.33499908447266,3234700,0.0,0.0,LYFT
2021-10-11,82.18500137329102,82.36499977111816,79.19999885559082,79.19999885559082,2971100,0.0,0.0,LYFT
2021-10-12,79.5,79.78499794006346,78.22500228881836,78.82499885559082,2978500,0.0,0.0,LYFT
2021-10-13,78.78000068664551,80.17500114440918,77.87999725341797,79.8600025177002,2884900,0.0,0.0,LYFT
2021-10-14,79.8600025177002,79.8899974822998,75.41999816894533,75.7649974822998,9119000,0.0,0.0,LYFT
2021-10-15,76.34250068664551,79.125,75.07499885559082,77.37000274658203,6396700,0.0,0.0,LYFT
2021-10-18,76.1399974822998,77.11499977111816,75.68999862670898,75.70500183105469,3437800,0.0,0.0,LYFT
2021-10-19,76.03499794006346,76.09499931335449,74.14500045776367,75.06000137329102,4930500,0.0,0.0,LYFT
2021-10-20,75.10499954223633,76.16999816894533,73.94999885559082,74.11499977111816,3245900,0.0,0.0,LYFT
2021-10-21,74.17500114440918,76.03499794006346,74.03249931335449,74.35499954223633,3885500,0.0,0.0,LYFT
2021-10-22,73.64999771118163,73.97999954223633,72.10499954223633,72.47999954223633,2983700,0.0,0.0,LYFT
2021-10-25,72.51000022888184,73.70999908447266,71.6399974822998,72.17999839782715,2914400,0.0,0.0,LYFT
2021-10-26,73.15500068664551,74.08499908447266,71.12999725341797,71.31000137329102,3616500,0.0,0.0,LYFT
2021-10-27,71.69999885559082,72.3600025177002,69.71999931335449,70.08000183105469,4622200,0.0,0.0,LYFT
2021-10-28,70.29000091552734,71.11499977111816,69.54000091552734,70.37999725341797,3298400,0.0,0.0,LYFT
2021-10-29,70.26000022888184,70.72500228881836,68.2649974822998,68.80499839782715,4137000,0.0,0.0,LYFT
2021-11-01,68.65500068664551,69.75,67.53000068664551,69.60000228881836,5748600,0.0,0.0,LYFT
2021-11-02,70.03499794006346,70.22999954223633,66.07499885559082,67.97999954223633,14019600,0.0,0.0,LYFT
2021-11-03,77.32499885559082,78.11549949645996,72.52499771118163,73.54499816894533,20734500,0.0,0.0,LYFT
2021-11-04,73.8600025177002,75.91500091552734,72.31649780273438,73.70999908447266,6775900,0.0,0.0,LYFT
2021-11-05,76.72500228881836,81.0,76.72500228881836,80.32499885559082,13542000,0.0,0.0,LYFT
2021-11-08,80.96999931335449,84.57000160217285,80.41500091552734,82.8600025177002,7768800,0.0,0.0,LYFT
2021-11-09,82.78499794006346,84.44999885559082,81.11250114440918,84.3899974822998,6752000,0.0,0.0,LYFT
2021-11-10,83.14500045776367,86.52000045776367,80.76000022888184,81.89999771118163,8000900,0.0,0.0,LYFT
2021-11-11,82.26000022888184,82.43999862670898,79.26000022888184,79.77000045776367,5164100,0.0,0.0,LYFT
2021-11-12,80.08499908447266,80.20500183105469,78.41999816894533,79.43999862670898,3768600,0.0,0.0,LYFT
2021-11-15,79.5,80.38500022888184,76.46999931335449,77.48999977111816,4385900,0.0,0.0,LYFT
2021-11-16,78.1694984436035,79.03499794006346,76.8600025177002,76.91999816894533,3559100,0.0,0.0,LYFT
2021-11-17,76.15500068664551,76.72500228881836,73.63500022888184,74.56499862670898,4381700,0.0,0.0,LYFT
2021-11-18,74.55000114440918,74.55000114440918,72.17999839782715,73.93500137329102,3645800,0.0,0.0,LYFT
2021-11-19,73.19999885559082,73.19999885559082,70.93500137329102,71.2649974822998,4662000,0.0,0.0,LYFT
2021-11-22,70.93500137329102,71.11499977111816,65.55000114440918,68.21999931335449,9101500,0.0,0.0,LYFT
2021-11-23,68.08499908447266,69.71999931335449,66.79499816894533,68.50499725341797,5096400,0.0,0.0,LYFT
2021-11-24,66.84000205993652,67.19999885559082,64.94999885559082,66.78000068664551,5861700,0.0,0.0,LYFT
2021-11-26,62.52000045776367,63.87000274658203,60.614999771118164,63.60000228881836,7584300,0.0,0.0,LYFT
2021-11-29,64.5,65.42999839782715,61.24500274658203,62.72999954223633,6633400,0.0,0.0,LYFT
2021-11-30,61.860002517700195,62.69999885559082,58.54499816894533,60.915000915527344,10057200,0.0,0.0,LYFT
2021-12-01,62.610002517700195,62.9220027923584,56.95500183105469,57.33000183105469,8231000,0.0,0.0,LYFT
2021-12-02,58.94999885559082,62.084999084472656,57.62999725341797,61.72500228881836,10766400,0.0,0.0,LYFT
2021-12-03,61.35000228881836,61.57499885559082,57.389997482299805,59.20500183105469,7656700,0.0,0.0,LYFT
2021-12-06,59.564998626708984,63.899997711181626,58.42500114440918,62.92500114440918,7735000,0.0,0.0,LYFT
2021-12-07,64.32000160217285,65.74500274658203,61.75499725341797,62.114999771118164,7956000,0.0,0.0,LYFT
2021-12-08,62.99249839782715,64.59000205993652,62.114999771118164,63.314998626708984,5472600,0.0,0.0,LYFT
2021-12-09,62.564998626708984,63.360002517700195,61.05000114440918,61.139997482299805,4556700,0.0,0.0,LYFT
2021-12-10,61.62000274658203,62.10000228881836,58.560001373291016,59.264997482299805,5170800,0.0,0.0,LYFT
2021-12-13,58.5,58.875,56.564998626708984,57.614999771118164,7789200,0.0,0.0,LYFT
2021-12-14,57.389997482299805,61.364999771118164,57.10499954223633,58.46999931335449,10123200,0.0,0.0,LYFT
2021-12-15,58.334999084472656,58.875,55.97999954223633,57.62999725341797,7238700,0.0,0.0,LYFT
2021-12-16,58.21500205993652,58.83300018310547,55.78499794006346,56.189998626708984,4403000,0.0,0.0,LYFT
2021-12-17,55.77000045776367,57.79499816894533,54.375,57.10499954223633,8219000,0.0,0.0,LYFT
2021-12-20,56.28000068664551,58.67999839782715,55.064998626708984,57.92999839782715,4875000,0.0,0.0,LYFT
2021-12-21,58.54499816894533,61.59000205993652,58.37999725341797,61.364999771118164,5947800,0.0,0.0,LYFT
2021-12-22,61.19999885559082,64.06499862670898,61.09499931335449,63.689998626708984,6219400,0.0,0.0,LYFT
2021-12-23,64.60499954223633,66.91500091552734,64.4834976196289,66.27000045776367,6242300,0.0,0.0,LYFT
2021-12-27,65.90999794006346,66.84749794006346,64.83000183105469,66.04499816894533,3966800,0.0,0.0,LYFT
2021-12-28,65.66999816894533,66.98999977111816,64.55249977111816,65.28000068664551,3401100,0.0,0.0,LYFT
2021-12-29,65.14500045776367,65.42999839782715,63.30000114440918,64.8600025177002,3147200,0.0,0.0,LYFT
2021-12-30,63.810001373291016,66.52499771118163,63.810001373291016,65.2350025177002,3436600,0.0,0.0,LYFT
2021-12-31,64.97999954223633,66.13050270080566,63.959999084472656,64.09499931335449,3235300,0.0,0.0,LYFT
2022-01-03,65.08499908447266,67.43999862670898,63.92999839782715,66.88500022888184,4975300,0.0,0.0,LYFT
2022-01-04,66.98999977111816,67.91250228881836,65.53499794006346,67.42500114440918,5650500,0.0,0.0,LYFT
2022-01-05,67.35000228881836,69.95999908447266,65.2350025177002,65.38500022888184,5505300,0.0,0.0,LYFT
2022-01-06,66.19500160217285,67.46999931335449,63.885000228881836,65.39999771118163,4787500,0.0,0.0,LYFT
2022-01-07,64.05000114440918,66.3600025177002,63.75,64.64999771118163,5570200,0.0,0.0,LYFT
2022-01-10,64.43999862670898,66.33000183105469,62.415000915527344,66.19500160217285,5061800,0.0,0.0,LYFT
2022-01-11,65.66999816894533,68.71500205993652,65.37000274658203,66.75,6345700,0.0,0.0,LYFT
2022-01-12,66.58499908447266,66.60150146484375,63.44999885559082,63.57000160217285,7169700,0.0,0.0,LYFT
2022-01-13,64.02000045776367,65.14500045776367,63.19500160217285,63.899997711181626,5607100,0.0,0.0,LYFT
2022-01-14,63.314998626708984,63.899997711181626,61.064998626708984,61.889997482299805,5620900,0.0,0.0,LYFT
2022-01-18,61.329002380371094,61.40999794006346,57.60000228881836,57.64500045776367,6903400,0.0,0.0,LYFT
2022-01-19,57.75,58.24800109863283,55.23750114440918,55.364999771118164,6943300,0.0,0.0,LYFT
2022-01-20,55.45500183105469,59.89500045776367,55.37999725341797,56.399997711181626,8194300,0.0,0.0,LYFT
2022-01-21,55.064998626708984,56.385000228881836,53.69999885559082,55.19999885559082,8478100,0.0,0.0,LYFT
2022-01-24,53.82000160217285,55.83000183105469,51.71249771118164,55.69500160217285,7779300,0.0,0.0,LYFT
2022-01-25,54.10499954223633,55.62000274658203,53.12999725341797,54.33000183105469,6959300,0.0,0.0,LYFT
2022-01-26,55.75499725341797,57.25499725341797,53.39999771118164,53.52000045776367,7512300,0.0,0.0,LYFT
2022-01-27,54.28499794006346,54.60000228881836,52.260000228881836,52.39500045776367,6314500,0.0,0.0,LYFT
2022-01-28,52.20600128173828,53.69999885559082,50.90999794006348,53.625,5044100,0.0,0.0,LYFT
2022-01-31,53.385000228881836,57.915000915527344,53.37000274658203,57.78000068664551,6836100,0.0,0.0,LYFT
2022-02-01,58.560001373291016,59.29499816894533,57.23249816894533,59.12999725341797,4596400,0.0,0.0,LYFT
2022-02-02,59.37000274658203,59.385000228881836,57.060001373291016,57.65999794006346,3970700,0.0,0.0,LYFT
2022-02-03,56.50499725341797,56.96999931335449,54.34499931335449,54.540000915527344,4777100,0.0,0.0,LYFT
2022-02-04,54.78000068664551,57.07499885559082,54.397499084472656,56.52000045776367,4289000,0.0,0.0,LYFT
2022-02-07,56.752498626708984,60.22500228881836,56.752498626708984,58.649997711181626,7371500,0.0,0.0,LYFT
2022-02-08,58.09499931335449,62.10000228881836,57.44999885559082,61.80000114440918,20228400,0.0,0.0,LYFT
2022-02-09,60.427499771118164,66.25499725341797,58.19999885559082,66.0,25765800,0.0,0.0,LYFT
2022-02-10,65.39999771118163,68.47349739074707,62.564998626708984,63.149997711181626,24087900,0.0,0.0,LYFT
2022-02-11,63.22500228881836,63.83250045776367,58.40999794006346,59.985002517700195,10544600,0.0,0.0,LYFT
2022-02-14,59.96999931335449,61.485002517700195,59.12999725341797,59.985002517700195,5718400,0.0,0.0,LYFT
2022-02-15,61.5,65.28000068664551,61.09499931335449,65.25,6474000,0.0,0.0,LYFT
2022-02-16,64.5149974822998,66.75,64.2194995880127,65.72999954223633,7198400,0.0,0.0,LYFT
2022-02-17,64.73999977111816,65.93999862670898,63.55499839782715,64.35000228881836,4367400,0.0,0.0,LYFT
2022-02-18,64.35000228881836,64.66500091552734,61.560001373291016,61.889997482299805,5786900,0.0,0.0,LYFT
2022-02-22,61.260000228881836,62.07000160217285,56.72999954223633,58.32000160217285,9340500,0.0,0.0,LYFT
2022-02-23,58.860002517700195,59.377498626708984,55.935001373291016,56.14500045776367,5046000,0.0,0.0,LYFT
2022-02-24,52.22999954223633,58.20750045776367,51.86250114440918,58.15500068664551,8756600,0.0,0.0,LYFT
2022-02-25,58.72500228881836,58.80000114440918,56.459999084472656,57.915000915527344,6208500,0.0,0.0,LYFT
2022-02-28,57.22500228881836,59.14500045776367,56.87999725341797,58.40999794006346,6901400,0.0,0.0,LYFT
2022-03-01,57.764997482299805,57.915000915527344,54.78000068664551,56.52000045776367,5937400,0.0,0.0,LYFT
2022-03-02,57.07499885559082,58.60499954223633,56.189998626708984,58.39500045776367,4479200,0.0,0.0,LYFT
2022-03-03,58.40999794006346,59.10000228881836,54.85499954223633,55.46999931335449,4316000,0.0,0.0,LYFT
2022-03-04,54.689998626708984,55.62000274658203,52.05000114440918,52.91999816894531,7619000,0.0,0.0,LYFT
2022-03-07,55.37999725341797,57.10499954223633,51.65999794006348,51.71999931335449,8673500,0.0,0.0,LYFT
2022-03-08,51.60000228881836,56.610002517700195,51.19500160217285,54.810001373291016,8070900,0.0,0.0,LYFT
2022-03-09,57.014997482299805,59.14500045776367,56.20500183105469,56.69999885559082,7336400,0.0,0.0,LYFT
2022-03-10,55.24500274658203,56.92500114440918,54.915000915527344,56.44500160217285,3869200,0.0,0.0,LYFT
2022-03-11,57.10499954223633,57.584999084472656,55.77000045776367,55.875,2798800,0.0,0.0,LYFT
2022-03-14,55.59000205993652,55.61250114440918,52.62000274658203,53.084999084472656,5478600,0.0,0.0,LYFT
2022-03-15,53.625,55.46999931335449,52.439998626708984,53.610002517700195,6629500,0.0,0.0,LYFT
2022-03-16,55.139997482299805,56.85000228881836,54.314998626708984,56.790000915527344,6779300,0.0,0.0,LYFT
2022-03-17,56.774997711181626,56.864999771118164,54.922502517700195,56.685001373291016,4810800,0.0,0.0,LYFT
2022-03-18,56.415000915527344,58.02000045776367,56.29499816894533,57.92999839782715,5562000,0.0,0.0,LYFT
2022-03-21,56.864999771118164,57.0,54.33000183105469,55.274997711181626,5596700,0.0,0.0,LYFT
2022-03-22,55.709999084472656,57.91650009155275,55.30499839782715,57.375,4818500,0.0,0.0,LYFT
2022-03-23,56.96999931335449,58.110002517700195,56.29499816894533,57.64500045776367,5154000,0.0,0.0,LYFT
2022-03-24,57.64500045776367,58.52549743652344,55.67999839782715,58.46999931335449,4886400,0.0,0.0,LYFT
2022-03-25,58.5,58.5,55.814998626708984,56.264997482299805,3394200,0.0,0.0,LYFT
2022-03-28,56.310001373291016,56.74500274658203,54.75,56.385000228881836,4280200,0.0,0.0,LYFT
2022-03-29,57.060001373291016,60.688499450683594,57.060001373291016,60.239999771118164,7119000,0.0,0.0,LYFT
2022-03-30,59.625,60.0,57.322500228881836,57.97500228881836,3777200,0.0,0.0,LYFT
2022-03-31,58.19999885559082,58.439998626708984,56.44500160217285,57.60000228881836,4736200,0.0,0.0,LYFT
2022-04-01,57.60000228881836,58.35000228881836,55.860002517700195,56.28000068664551,4260500,0.0,0.0,LYFT
2022-04-04,56.89500045776367,58.96500205993652,56.489999771118164,58.439998626708984,3527000,0.0,0.0,LYFT
2022-04-05,58.46999931335449,58.69500160217285,55.54499816894533,55.72500228881836,4198700,0.0,0.0,LYFT
2022-04-06,54.57000160217285,54.764997482299805,52.334999084472656,54.12000274658203,6662400,0.0,0.0,LYFT
2022-04-07,54.135000228881836,54.33000183105469,50.39999771118164,51.915000915527344,6403800,0.0,0.0,LYFT
2022-04-08,51.29249954223633,51.75,50.05499839782715,50.385000228881836,4705300,0.0,0.0,LYFT
2022-04-11,49.39500045776367,51.04499816894531,48.52499771118164,49.97999954223633,4052400,0.0,0.0,LYFT
2022-04-12,50.42999839782715,51.584999084472656,49.69500160217285,50.17500114440918,3880500,0.0,0.0,LYFT
2022-04-13,50.34000205993652,52.40999794006348,50.10449981689453,52.19999885559082,4059200,0.0,0.0,LYFT
2022-04-14,52.59000205993652,54.149997711181626,52.15500068664551,53.310001373291016,5632500,0.0,0.0,LYFT
2022-04-18,52.935001373291016,53.47500228881836,51.577497482299805,51.915000915527344,3041000,0.0,0.0,LYFT
2022-04-19,52.439998626708984,54.64500045776367,52.28249931335449,54.46500205993652,3967100,0.0,0.0,LYFT
2022-04-20,54.75,55.185001373291016,53.41650009155275,53.55000114440918,3289300,0.0,0.0,LYFT
2022-04-21,54.885000228881836,55.37999725341797,50.95500183105469,51.165000915527344,6109200,0.0,0.0,LYFT
2022-04-22,51.209999084472656,51.85499954223633,49.30499839782715,49.739999771118164,3653200,0.0,0.0,LYFT
2022-04-25,49.27499771118164,51.17999839782715,49.064998626708984,50.864999771118164,5292700,0.0,0.0,LYFT
2022-04-26,50.040000915527344,50.610002517700195,48.60000228881836,48.67500114440918,4226700,0.0,0.0,LYFT
2022-04-27,48.10499954223633,49.5,47.28000068664551,48.34499931335449,4989000,0.0,0.0,LYFT
2022-04-28,49.35000228881836,50.74500274658203,47.8199987411499,50.34000205993652,4543900,0.0,0.0,LYFT
2022-04-29,49.889997482299805,51.53249931335449,48.84000205993652,48.89999771118164,4723100,0.0,0.0,LYFT
2022-05-02,48.389997482299805,48.78750228881836,44.89500045776367,47.25,11738200,0.0,0.0,LYFT
2022-05-03,47.08499908447266,47.47499942779542,45.089999198913574,46.14000034332276,24562300,0.0,0.0,LYFT
2022-05-04,33.40500068664551,33.689998626708984,30.030000686645508,32.339999198913574,112518800,0.0,0.0,LYFT
2022-05-05,32.40000057220459,34.22999954223633,31.814998626708984,33.04500102996826,43122300,0.0,0.0,LYFT
2022-05-06,32.557499885559075,32.57999897003173,29.385000228881836,30.76500034332276,28942200,0.0,0.0,LYFT
2022-05-09,29.77500057220459,30.959999084472663,27.599999427795417,27.915000915527337,22056800,0.0,0.0,LYFT
2022-05-10,28.417499542236328,29.444998741149902,27.30000114440918,28.5,21736800,0.0,0.0,LYFT
2022-05-11,28.42500114440918,29.055001258850098,26.280000686645508,26.57999897003174,21542400,0.0,0.0,LYFT
2022-05-12,25.897499084472656,28.507498741149902,25.859999656677246,27.885000228881836,16174800,0.0,0.0,LYFT
2022-05-13,28.290000915527337,30.270000457763672,28.290000915527337,30.0,12841800,0.0,0.0,LYFT
2022-05-16,29.77500057220459,30.04500102996826,28.672499656677246,28.709999084472663,9447600,0.0,0.0,LYFT
2022-05-17,29.26500034332276,30.26699924468994,28.694998741149902,29.57999897003173,10205900,0.0,0.0,LYFT
2022-05-18,29.29500102996826,29.535000801086426,27.180001258850098,27.224999427795417,13838300,0.0,0.0,LYFT
2022-05-19,27.314998626708984,29.354999542236328,27.255000114440918,28.935001373291016,11638000,0.0,0.0,LYFT
2022-05-20,29.219999313354492,29.339999198913574,27.037499427795417,28.604999542236328,12774500,0.0,0.0,LYFT
2022-05-23,28.80000114440918,30.359999656677246,28.020000457763672,30.314998626708984,11299800,0.0,0.0,LYFT
2022-05-24,29.625,29.677499771118164,24.854999542236328,25.07999897003174,18054600,0.0,0.0,LYFT
2022-05-25,25.155000686645508,25.717500686645508,24.494999885559082,24.97499942779541,16228500,0.0,0.0,LYFT
2022-05-26,25.19999885559082,26.69999885559082,24.915000915527344,26.520000457763672,14710200,0.0,0.0,LYFT
2022-05-27,26.939998626708984,27.359999656677246,26.520000457763672,26.655000686645508,11974700,0.0,0.0,LYFT
2022-05-31,26.520000457763672,27.464999198913574,26.036999702453613,26.520000457763672,11197900,0.0,0.0,LYFT
2022-06-01,26.444998741149902,26.969999313354492,25.46250057220459,25.589999198913574,10384700,0.0,0.0,LYFT
2022-06-02,25.515000343322754,27.697500228881836,25.5,27.555001258850098,9383000,0.0,0.0,LYFT
2022-06-03,26.95499897003174,27.15000057220459,25.964999198913574,26.09999942779541,8264000,0.0,0.0,LYFT
2022-06-06,26.66699981689453,26.864999771118164,25.155000686645508,25.739999771118164,10924300,0.0,0.0,LYFT
2022-06-07,25.34999942779541,26.145000457763672,25.155000686645508,25.814998626708984,7785100,0.0,0.0,LYFT
2022-06-08,25.875,26.69849967956543,25.814998626708984,26.444998741149902,13225300,0.0,0.0,LYFT
2022-06-09,26.084999084472656,26.805001258850098,25.364999771118164,25.410000801086426,9674800,0.0,0.0,LYFT
2022-06-10,24.869999885559082,25.439998626708984,23.625,23.655000686645508,10767000,0.0,0.0,LYFT
2022-06-13,22.619999885559086,22.85249948501587,21.27000045776367,21.43499994277954,13251900,0.0,0.0,LYFT
2022-06-14,21.802499771118164,21.96000051498413,20.880000114440914,21.239999771118164,9608500,0.0,0.0,LYFT
2022-06-15,21.494999885559086,23.14500045776367,21.47999954223633,22.739999771118164,14019200,0.0,0.0,LYFT
2022-06-16,21.974999427795407,22.349999427795407,20.594999313354492,20.820000171661377,9558900,0.0,0.0,LYFT
2022-06-17,21.007500171661377,22.40999937057495,20.932499885559086,22.33500051498413,13349500,0.0,0.0,LYFT
2022-06-21,22.859999656677246,23.25,21.952500343322754,22.005000114440914,10831800,0.0,0.0,LYFT
2022-06-22,21.637500286102295,23.010000228881836,21.570000171661377,22.244999885559086,7721000,0.0,0.0,LYFT
2022-06-23,22.275000572204593,23.924999713897705,21.85499954223633,23.820000171661377,10774900,0.0,0.0,LYFT
2022-06-24,23.71500062942505,24.810001373291016,23.609999656677246,24.510000228881836,12218500,0.0,0.0,LYFT
2022-06-27,24.734999656677246,25.094999313354492,23.669999599456787,23.83500051498413,8555800,0.0,0.0,LYFT
2022-06-28,23.924999713897705,24.239999771118164,21.900000572204593,21.91499948501587,15581600,0.0,0.0,LYFT
2022-06-29,21.869999885559086,21.869999885559086,20.775000572204593,21.044999599456787,12088000,0.0,0.0,LYFT
2022-06-30,20.669999599456787,20.78999948501587,19.59000062942505,19.919999599456787,11812400,0.0,0.0,LYFT
2022-07-01,20.070000171661377,20.549999713897705,19.695000171661377,20.219999313354492,9734300,0.0,0.0,LYFT
2022-07-05,19.695000171661377,21.044999599456787,19.18499994277954,21.0,13045800,0.0,0.0,LYFT
2022-07-06,20.669999599456787,20.89500045776367,19.71000051498413,19.830000400543213,16466900,0.0,0.0,LYFT
2022-07-07,19.93499994277954,20.71500062942505,19.755000114440914,20.640000343322754,19296800,0.0,0.0,LYFT
2022-07-08,20.505000114440914,20.72999954223633,19.575000286102295,20.099999427795407,16036200,0.0,0.0,LYFT
2022-07-11,19.77000045776367,20.08500051498413,18.510000228881836,18.53999948501587,17393400,0.0,0.0,LYFT
2022-07-12,18.525000572204593,19.162499427795407,18.525000572204593,18.91499948501587,12376500,0.0,0.0,LYFT
2022-07-13,18.359999656677246,18.900000572204593,17.94000005722046,18.765000343322754,10535300,0.0,0.0,LYFT
2022-07-14,18.450000286102295,18.719999313354492,18.030000686645508,18.135000228881836,11913200,0.0,0.0,LYFT
2022-07-15,18.46500062942505,19.544999599456787,18.21000051498413,19.40999937057495,13497100,0.0,0.0,LYFT
2022-07-18,19.81500005722046,20.984999656677246,19.755000114440914,20.114999771118164,15973000,0.0,0.0,LYFT
2022-07-19,20.280000686645508,20.744999885559086,19.942500114440914,20.489999771118164,9009300,0.0,0.0,LYFT
2022-07-20,20.68499994277954,22.20750045776367,20.68499994277954,22.049999713897705,14194700,0.0,0.0,LYFT
2022-07-21,21.58500051498413,21.793500423431396,20.984999656677246,21.255000114440914,10305100,0.0,0.0,LYFT
2022-07-22,21.47999954223633,21.705000400543213,20.19000005722046,20.30999994277954,8055100,0.0,0.0,LYFT
2022-07-25,20.280000686645508,20.294999599456787,19.530000686645508,19.96500062942505,7564000,0.0,0.0,LYFT
2022-07-26,19.60499954223633,19.66499948501587,18.705000400543213,18.794999599456787,10823900,0.0,0.0,LYFT
2022-07-27,19.244999885559086,20.06700038909912,18.77250051498413,19.96500062942505,10838900,0.0,0.0,LYFT
2022-07-28,19.994999885559086,20.83500051498413,19.575000286102295,20.820000171661377,11858900,0.0,0.0,LYFT
2022-07-29,20.549999713897705,20.83500051498413,19.77750062942505,20.78999948501587,11762900,0.0,0.0,LYFT
2022-08-01,20.46000051498413,21.203999519348145,19.755000114440914,20.849999427795407,12540900,0.0,0.0,LYFT
2022-08-02,22.875,24.322500228881836,22.724999427795407,24.239999771118164,29803800,0.0,0.0,LYFT
2022-08-03,24.52500057220459,25.38749885559082,24.352500915527344,25.064998626708984,23366300,0.0,0.0,LYFT
2022-08-04,25.109999656677246,26.182499885559082,25.109999656677246,26.084999084472656,27582400,0.0,0.0,LYFT
2022-08-05,27.314998626708984,30.52500057220459,26.880000114440918,30.42000102996826,47487000,0.0,0.0,LYFT
2022-08-08,30.089999198913574,32.28000068664551,29.674501419067376,29.744999885559075,23531700,0.0,0.0,LYFT
2022-08-09,29.069998741149902,29.444998741149902,27.98250102996826,28.005000114440918,14189900,0.0,0.0,LYFT
2022-08-10,29.55000114440918,30.194998741149902,28.724999427795417,29.099999427795417,15119400,0.0,0.0,LYFT
2022-08-11,29.714999198913574,30.82499885559082,28.319998741149902,28.349999427795417,12045300,0.0,0.0,LYFT
2022-08-12,28.76249885559082,29.145000457763672,27.869999885559075,29.099999427795417,11344600,0.0,0.0,LYFT
2022-08-15,28.665000915527337,29.77500057220459,28.290000915527337,28.935001373291016,7992300,0.0,0.0,LYFT
2022-08-16,28.680001258850098,29.58750057220459,28.020000457763672,29.010000228881836,9512600,0.0,0.0,LYFT
2022-08-17,28.19999885559082,28.395000457763672,26.69999885559082,26.95499897003174,14805400,0.0,0.0,LYFT
2022-08-18,26.969999313354492,27.030000686645508,26.369999885559082,26.40000057220459,6607800,0.0,0.0,LYFT
2022-08-19,25.905000686645508,26.055001258850098,24.847500801086426,24.97499942779541,10492100,0.0,0.0,LYFT
2022-08-22,24.390000343322754,24.645000457763672,22.762500286102295,23.280000686645508,17169900,0.0,0.0,LYFT
2022-08-23,23.474999427795407,23.700000286102295,22.97999954223633,23.025000572204593,8054900,0.0,0.0,LYFT
2022-08-24,22.844999313354492,23.880000114440914,22.739999771118164,23.08500051498413,9291000,0.0,0.0,LYFT
2022-08-25,23.325000286102295,23.880000114440914,23.032499313354492,23.760000228881836,7546700,0.0,0.0,LYFT
2022-08-26,23.669999599456787,24.0,22.320000171661377,22.455000400543213,10281400,0.0,0.0,LYFT
2022-08-29,22.169999599456787,22.890000343322754,22.06500005722046,22.094999313354492,7966300,0.0,0.0,LYFT
2022-08-30,22.530000686645508,22.695000171661377,21.705000400543213,22.080000400543213,9975200,0.0,0.0,LYFT
2022-08-31,22.5,23.007000446319584,21.989999771118164,22.094999313354492,10569600,0.0,0.0,LYFT
2022-09-01,21.674999713897705,22.02000045776367,20.56500005722046,22.005000114440914,11527300,0.0,0.0,LYFT
2022-09-02,22.364999771118164,22.544999599456787,21.510000228881836,21.900000572204593,7850100,0.0,0.0,LYFT
2022-09-06,22.02000045776367,22.03499937057495,20.655000686645508,20.955000400543213,9940300,0.0,0.0,LYFT
2022-09-07,20.849999427795407,22.140000343322754,20.820000171661377,22.03499937057495,8675500,0.0,0.0,LYFT
2022-09-08,21.765000343322754,25.814998626708984,21.390000343322754,25.755000114440918,42151500,0.0,0.0,LYFT
2022-09-09,25.65000057220459,27.540000915527337,25.604999542236328,27.165000915527337,26673700,0.0,0.0,LYFT
2022-09-12,27.270000457763672,27.86250114440918,26.790000915527344,27.285000801086426,15246200,0.0,0.0,LYFT
2022-09-13,26.069998741149902,26.655000686645508,25.185001373291016,25.319998741149902,13112900,0.0,0.0,LYFT
2022-09-14,25.214999198913574,25.694998741149902,24.472500801086426,25.665000915527344,11469900,0.0,0.0,LYFT
2022-09-15,25.5,27.127498626708984,25.297499656677246,25.484999656677246,11553900,0.0,0.0,LYFT
2022-09-16,24.405000686645508,24.854999542236328,24.030000686645508,24.405000686645508,13725200,0.0,0.0,LYFT
2022-09-19,24.194998741149902,24.584999084472656,23.880000114440914,24.359999656677246,13940600,0.0,0.0,LYFT
2022-09-20,24.04500102996826,26.160000801086426,24.030000686645508,25.305001258850098,17465600,0.0,0.0,LYFT
2022-09-21,25.260000228881836,25.3125,23.692500114440914,23.90999937057495,14774700,0.0,0.0,LYFT
2022-09-22,23.625,23.864999771118164,21.989999771118164,22.03499937057495,18091100,0.0,0.0,LYFT
2022-09-23,21.375,21.599999427795407,20.549999713897705,20.984999656677246,15249200,0.0,0.0,LYFT
2022-09-26,20.25,20.984999656677246,20.114999771118164,20.280000686645508,17830600,0.0,0.0,LYFT
2022-09-27,20.83500051498413,21.517500400543213,20.616000652313232,21.239999771118164,11694200,0.0,0.0,LYFT
2022-09-28,21.044999599456787,21.929999828338623,20.692500114440914,21.75,14729800,0.0,0.0,LYFT
2022-09-29,21.21000051498413,21.390000343322754,19.575000286102295,20.219999313354492,16690400,0.0,0.0,LYFT
2022-09-30,20.114999771118164,20.71500062942505,19.695000171661377,19.755000114440914,9049200,0.0,0.0,LYFT
2022-10-03,19.78499937057495,19.830000400543213,18.705000400543213,19.424999713897705,14537900,0.0,0.0,LYFT
2022-10-04,20.114999771118164,20.83500051498413,20.114999771118164,20.700000286102295,15195600,0.0,0.0,LYFT
2022-10-05,19.96500062942505,20.880000114440914,19.822500228881836,20.625,9669100,0.0,0.0,LYFT
2022-10-06,20.640000343322754,21.344999313354492,20.14500045776367,20.549999713897705,9195100,0.0,0.0,LYFT
2022-10-07,19.530000686645508,19.650000572204593,18.487499713897705,18.765000343322754,16712700,0.0,0.0,LYFT
2022-10-10,19.21500062942505,19.515000343322754,18.53999948501587,19.21500062942505,11877900,0.0,0.0,LYFT
2022-10-11,18.28499937057495,18.450000286102295,16.237499713897705,16.905000686645508,39753100,0.0,0.0,LYFT
2022-10-12,17.429999828338623,18.224999427795407,17.25,17.849999427795407,19996100,0.0,0.0,LYFT
2022-10-13,17.025000572204593,18.35249948501587,16.81500005722046,17.984999656677246,13878400,0.0,0.0,LYFT
2022-10-14,18.31500005722046,18.599999427795407,17.60249948501587,17.655000686645508,9546000,0.0,0.0,LYFT
2022-10-17,18.224999427795407,19.04249954223633,18.135000228881836,18.989999771118164,14033000,0.0,0.0,LYFT
2022-10-18,19.950000286102295,20.30999994277954,19.5,19.93499994277954,12383700,0.0,0.0,LYFT
2022-10-19,19.544999599456787,20.325000286102295,19.380000114440914,19.530000686645508,14397100,0.0,0.0,LYFT
2022-10-20,19.364999771118164,20.90250062942505,19.364999771118164,19.96500062942505,11105100,0.0,0.0,LYFT
2022-10-21,19.679999828338623,20.46000051498413,19.357499599456787,20.34000062942505,10990800,0.0,0.0,LYFT
2022-10-24,20.205000400543213,20.864999771118164,19.844999313354492,20.849999427795407,10128100,0.0,0.0,LYFT
2022-10-25,20.955000400543213,22.552499771118164,20.849999427795407,22.21500062942505,14506500,0.0,0.0,LYFT
2022-10-26,22.03499937057495,22.732499599456787,21.599999427795407,22.140000343322754,9423500,0.0,0.0,LYFT
2022-10-27,22.125,22.552499771118164,21.65999937057495,21.945000171661377,7604900,0.0,0.0,LYFT
2022-10-28,21.825000286102295,22.14750051498413,21.12750005722046,21.780000686645508,10749000,0.0,0.0,LYFT
2022-10-31,21.794999599456787,22.537499427795407,21.487499713897705,21.96000051498413,11140000,0.0,0.0,LYFT
2022-11-01,23.94000005722046,24.59999942779541,22.679999828338623,22.724999427795407,20388000,0.0,0.0,LYFT
2022-11-02,22.469999313354492,22.890000343322754,20.962500572204593,21.0,12427800,0.0,0.0,LYFT
2022-11-03,20.669999599456787,21.322500228881836,20.14500045776367,20.580000400543213,14173900,0.0,0.0,LYFT
2022-11-04,20.969999313354492,21.224999427795407,19.755000114440914,20.609999656677246,11873400,0.0,0.0,LYFT
2022-11-07,21.179999828338623,21.382500171661377,19.799999713897705,21.21000051498413,27568700,0.0,0.0,LYFT
2022-11-08,17.906999588012695,18.28649997711182,15.929999828338623,16.349999427795407,80955300,0.0,0.0,LYFT
2022-11-09,16.140000343322754,16.642500400543213,15.900000572204593,15.96000051498413,28137100,0.0,0.0,LYFT
2022-11-10,16.859999656677246,17.242499828338623,16.369500160217285,16.919999599456787,31008400,0.0,0.0,LYFT
2022-11-11,16.78499937057495,19.18499994277954,16.71000051498413,19.049999713897705,26140500,0.0,0.0,LYFT
2022-11-14,18.80999994277954,19.875,18.697500228881836,19.424999713897705,15062100,0.0,0.0,LYFT
2022-11-15,20.325000286102295,20.609999656677246,19.515000343322754,19.60499954223633,16226000,0.0,0.0,LYFT
2022-11-16,19.18499994277954,19.18499994277954,17.864999771118164,17.955000400543213,16593500,0.0,0.0,LYFT
2022-11-17,17.56500005722046,17.587500572204593,16.905000686645508,17.025000572204593,14255600,0.0,0.0,LYFT
2022-11-18,17.325000286102295,17.400000572204593,16.60499954223633,16.81500005722046,10511100,0.0,0.0,LYFT
2022-11-21,16.575000286102295,16.650000572204593,16.109999656677246,16.575000286102295,15314000,0.0,0.0,LYFT
2022-11-22,16.200000286102295,16.59000062942505,15.645000457763668,16.575000286102295,15220200,0.0,0.0,LYFT
2022-11-23,16.530000686645508,17.08500051498413,16.080000400543213,16.96500062942505,16125500,0.0,0.0,LYFT
2022-11-25,16.635000228881836,16.755000114440914,16.349999427795407,16.71000051498413,4981900,0.0,0.0,LYFT
2022-11-28,16.455000400543213,16.635000228881836,16.03499937057495,16.049999713897705,10906300,0.0,0.0,LYFT
2022-11-29,16.21500062942505,16.724999427795407,15.885000228881836,16.140000343322754,13346800,0.0,0.0,LYFT
2022-11-30,16.080000400543213,16.875,15.719999313354492,16.830000400543213,31346900,0.0,0.0,LYFT
2022-12-01,16.905000686645508,17.369999885559086,16.59000062942505,16.799999713897705,10777400,0.0,0.0,LYFT
2022-12-02,16.364999771118164,16.679999828338623,16.06500005722046,16.650000572204593,10285500,0.0,0.0,LYFT
2022-12-05,16.650000572204593,17.385000228881836,16.06500005722046,16.169999599456787,13843700,0.0,0.0,LYFT
2022-12-06,16.169999599456787,16.438499450683594,15.457500457763668,15.614999771118164,15257600,0.0,0.0,LYFT
2022-12-07,15.510000228881836,15.547499656677246,15.135000228881836,15.479999542236332,10740500,0.0,0.0,LYFT
2022-12-08,15.547499656677246,16.080000400543213,15.388499736785889,15.96000051498413,10387700,0.0,0.0,LYFT
2022-12-09,15.900000572204593,16.642500400543213,15.659999370574951,16.424999713897705,12491300,0.0,0.0,LYFT
2022-12-12,16.349999427795407,17.325000286102295,16.125,17.265000343322754,20538100,0.0,0.0,LYFT
2022-12-13,18.12750005722046,18.80999994277954,17.34000062942505,17.400000572204593,18781500,0.0,0.0,LYFT
2022-12-14,17.489999771118164,18.21000051498413,17.22749948501587,17.83500051498413,13563300,0.0,0.0,LYFT
2022-12-15,17.400000572204593,17.655000686645508,16.844999313354492,17.025000572204593,12223500,0.0,0.0,LYFT
2022-12-16,16.875,17.212500572204593,16.469999313354492,16.635000228881836,20147300,0.0,0.0,LYFT
2022-12-19,16.66499948501587,16.724999427795407,15.382500171661377,15.479999542236332,12151600,0.0,0.0,LYFT
2022-12-20,15.375,15.705000400543213,15.224999427795407,15.53999948501587,10131200,0.0,0.0,LYFT
2022-12-21,15.885000228881836,16.06500005722046,15.58500051498413,15.719999313354492,9699500,0.0,0.0,LYFT
2022-12-22,15.494999885559086,15.53999948501587,14.752500057220459,15.150000572204593,12757300,0.0,0.0,LYFT
2022-12-23,15.104999542236332,15.344999313354492,14.744999885559086,15.315000057220459,7836700,0.0,0.0,LYFT
2022-12-27,15.075000286102295,15.135000228881836,14.580000400543213,14.804999828338623,9661200,0.0,0.0,LYFT
2022-12-28,14.760000228881836,15.375,14.489999771118164,15.179999828338623,9531300,0.0,0.0,LYFT
2022-12-29,15.405000686645508,16.304999828338623,15.090000629425049,16.275000572204593,10395300,0.0,0.0,LYFT
2022-12-30,15.869999885559086,16.905000686645508,15.840000629425049,16.530000686645508,11232300,0.0,0.0,LYFT
2023-01-03,16.950000286102295,17.14500045776367,16.455000400543213,16.679999828338623,8644100,0.0,0.0,LYFT
2023-01-04,16.96500062942505,17.25,16.6875,17.234999656677246,11343400,0.0,0.0,LYFT
2023-01-05,17.08500051498413,17.35499954223633,16.59000062942505,17.03999948501587,7601500,0.0,0.0,LYFT
2023-01-06,17.130000114440914,18.015000343322754,16.679999828338623,17.90999937057495,11944600,0.0,0.0,LYFT
2023-01-09,18.359999656677246,19.905000686645508,18.224999427795407,19.049999713897705,22063000,0.0,0.0,LYFT
2023-01-10,18.900000572204593,20.054999828338623,18.900000572204593,19.96500062942505,14150000,0.0,0.0,LYFT
2023-01-11,19.890000343322754,20.924999713897705,19.81500005722046,20.760000228881836,20206600,0.0,0.0,LYFT
2023-01-12,21.150000572204593,21.869999885559086,20.655000686645508,21.825000286102295,13261500,0.0,0.0,LYFT
2023-01-13,21.47999954223633,21.91499948501587,21.224999427795407,21.734999656677246,12229100,0.0,0.0,LYFT
2023-01-17,21.599999427795407,21.900000572204593,21.051000595092773,21.525000572204593,11654100,0.0,0.0,LYFT
2023-01-18,22.03499937057495,22.304999828338623,21.21000051498413,21.525000572204593,15556000,0.0,0.0,LYFT
2023-01-19,21.224999427795407,21.734999656677246,20.760000228881836,21.31500005722046,11473900,0.0,0.0,LYFT
2023-01-20,21.65999937057495,23.03999948501587,21.599999427795407,22.994999885559086,6715457,0.0,0.0,LYFT
